candidate_id,source_id,source_title,source_type,source_locator,source_path,source_hash,source_category,content_domain,content_kind,is_show,data_flag,create_time,current_usage,current_route,embedded_routes,claim_type,confirmed_stage,unverified_claims,cover_candidate,body_media_count,payload_status,image_rights_status,inventory_status,publication_blockers,required_approvers,manual_queue_id,last_verified_at
help-1,1,购物流程,mall_sql_jh_articles+knowledge_base_markdown,jh_articles.articleId=1,商城系统/帮助文章/购物流程_1.md,6844a056ec1b8bf771c230b2669ce296fa7dbc55e475bf49d9ba8c0f1dd8cf88,购物指南,legacy_template,prohibited_legacy_content,1,1,2016-09-06 15:28:05,inventory_only,,[],legacy_template,来源记录存在；公开表述待签核,"[""全部旧商城模板内容""]",,2,legacy_template_prohibited,needs_review,prohibited_legacy,"[""legacy_template_content""]",[],,2016-09-06
help-2,2,会员介绍,mall_sql_jh_articles+knowledge_base_markdown,jh_articles.articleId=2,商城系统/帮助文章/会员介绍_2.md,a76de7f3904438cc498aa7b3679c3a4ce0e10857aae87c0ac76bba1c480d8286,购物指南,legacy_template,prohibited_legacy_content,1,1,2016-09-06 15:30:54,inventory_only,,[],legacy_template,来源记录存在；公开表述待签核,"[""全部旧商城模板内容""]",,0,legacy_template_prohibited,not_applicable,prohibited_legacy,"[""legacy_template_content""]",[],,2016-09-06
help-3,3,常见问题,mall_sql_jh_articles+knowledge_base_markdown,jh_articles.articleId=3,商城系统/帮助文章/常见问题_3.md,63a26134cab2937bee7c6957018e52bed6eaa68362d0c8d783ad27c8fc628d34,购物指南,legacy_template,prohibited_legacy_content,1,1,2016-09-06 15:31:26,inventory_only,,[],legacy_template,来源记录存在；公开表述待签核,"[""全部旧商城模板内容""]",,0,legacy_template_prohibited,not_applicable,prohibited_legacy,"[""legacy_template_content""]",[],,2016-09-06
help-4,4,在线支付,mall_sql_jh_articles+knowledge_base_markdown,jh_articles.articleId=4,商城系统/帮助文章/在线支付_4.md,4a08837114695e57bcc556a71e6ef721948f4e953703ec413740e28150cdc195,支付方式,legacy_template,prohibited_legacy_content,1,1,2016-09-06 15:34:30,inventory_only,,[],legacy_template,来源记录存在；公开表述待签核,"[""全部旧商城模板内容""]",,0,legacy_template_prohibited,not_applicable,prohibited_legacy,"[""legacy_template_content""]",[],,2016-09-06
help-5,5,货到付款,mall_sql_jh_articles+knowledge_base_markdown,jh_articles.articleId=5,商城系统/帮助文章/货到付款_5.md,5dd507a9e5d9925080f12ebc4b172957a44e732c3e9d8a70768a82deeefff45c,支付方式,legacy_template,prohibited_legacy_content,1,1,2016-09-06 15:34:44,inventory_only,,[],legacy_template,来源记录存在；公开表述待签核,"[""全部旧商城模板内容""]",,2,legacy_template_prohibited,needs_review,prohibited_legacy,"[""legacy_template_content""]",[],,2016-09-06
help-6,6,分期付款,mall_sql_jh_articles+knowledge_base_markdown,jh_articles.articleId=6,商城系统/帮助文章/分期付款_6.md,09dab7cdba588cd0c972d7220e635f01c1dbea2e6d57ba48c9704e692688e3de,支付方式,legacy_template,prohibited_legacy_content,1,1,2016-09-06 15:35:00,inventory_only,,[],legacy_template,来源记录存在；公开表述待签核,"[""全部旧商城模板内容""]",,0,legacy_template_prohibited,not_applicable,prohibited_legacy,"[""legacy_template_content""]",[],,2016-09-06
help-7,7,邮局汇款,mall_sql_jh_articles+knowledge_base_markdown,jh_articles.articleId=7,商城系统/帮助文章/邮局汇款_7.md,0e80892169eff480ff693403a08d09bb5d52a7fe4ee49ada62231c3ce3159875,支付方式,legacy_template,prohibited_legacy_content,1,1,2016-09-06 15:35:34,inventory_only,,[],legacy_template,来源记录存在；公开表述待签核,"[""全部旧商城模板内容""]",,0,legacy_template_prohibited,not_applicable,prohibited_legacy,"[""legacy_template_content""]",[],,2016-09-06
help-8,8,售后政策,mall_sql_jh_articles+knowledge_base_markdown,jh_articles.articleId=8,商城系统/帮助文章/售后政策_8.md,4456c229fb73fb9ea2aed2a4de961a28d0bb1280d58554053c57e01cb7eaa72b,售后服务,legacy_template,prohibited_legacy_content,1,1,2016-09-06 15:36:08,inventory_only,,[],legacy_template,来源记录存在；公开表述待签核,"[""全部旧商城模板内容""]",,0,legacy_template_prohibited,not_applicable,prohibited_legacy,"[""legacy_template_content""]",[],,2016-09-06
help-9,9,退款/换货,mall_sql_jh_articles+knowledge_base_markdown,jh_articles.articleId=9,商城系统/帮助文章/退款换货_9.md,0400ee98e62bf6d5a5b96a2e6c534692489856935ea3dbaa92e810b1eedf3b49,售后服务,legacy_template,prohibited_legacy_content,1,1,2016-09-06 15:37:04,inventory_only,,[],legacy_template,来源记录存在；公开表述待签核,"[""全部旧商城模板内容""]",,0,legacy_template_prohibited,not_applicable,prohibited_legacy,"[""legacy_template_content""]",[],,2016-09-06
help-10,10,退款维权流程,mall_sql_jh_articles+knowledge_base_markdown,jh_articles.articleId=10,商城系统/帮助文章/退款维权流程_10.md,cb24461f398d3ea1d7a9d4d01f92d067e43c3ae3e9c6ab96345262b3dd33d910,售后服务,legacy_template,prohibited_legacy_content,1,1,2016-09-06 15:37:42,inventory_only,,[],legacy_template,来源记录存在；公开表述待签核,"[""全部旧商城模板内容""]",,0,legacy_template_prohibited,not_applicable,prohibited_legacy,"[""legacy_template_content""]",[],,2016-09-06
help-11,11,配送查询,mall_sql_jh_articles+knowledge_base_markdown,jh_articles.articleId=11,商城系统/帮助文章/配送查询_11.md,f4842d230604d622f8b76cd708c9eb0f5140eabb6025099b82a84033322f9cf9,商城咨询,legacy_template,prohibited_legacy_content,1,1,2016-09-06 15:38:46,inventory_only,,[],legacy_template,来源记录存在；公开表述待签核,"[""全部旧商城模板内容""]",,2,legacy_template_prohibited,needs_review,prohibited_legacy,"[""legacy_template_content""]",[],,2016-09-06
help-12,12,211限时达,mall_sql_jh_articles+knowledge_base_markdown,jh_articles.articleId=12,商城系统/帮助文章/211限时达_12.md,1c89739fce1c773b5fe8f82e1f03b873ceadb4fe7af726a3a4c11ad2edf7ecb5,商城咨询,legacy_template,prohibited_legacy_content,1,1,2016-09-06 15:40:42,inventory_only,,[],legacy_template,来源记录存在；公开表述待签核,"[""全部旧商城模板内容""]",,2,legacy_template_prohibited,needs_review,prohibited_legacy,"[""legacy_template_content""]",[],,2016-09-06
help-14,14,关于我们,mall_sql_jh_articles+knowledge_base_markdown,jh_articles.articleId=14,商城系统/帮助文章/关于我们_14.md,0c171445583320abfe4b653ecd194a27c4178d8e44f7163e93b1b41244e6d532,商务合作,legacy_template,prohibited_legacy_content,1,1,2016-09-06 15:43:07,inventory_only,,[],legacy_template,来源记录存在；公开表述待签核,"[""全部旧商城模板内容""]",,0,legacy_template_prohibited,not_applicable,prohibited_legacy,"[""legacy_template_content""]",[],,2016-09-06
help-15,15,联系我们,mall_sql_jh_articles+knowledge_base_markdown,jh_articles.articleId=15,商城系统/帮助文章/联系我们_15.md,4c4281042968bb501f2b99d3fb51274574a8cd30df9a165db542ba3475af0822,商务合作,legacy_template,prohibited_legacy_content,1,1,2016-09-06 15:43:21,inventory_only,,[],legacy_template,来源记录存在；公开表述待签核,"[""全部旧商城模板内容""]",,0,legacy_template_prohibited,not_applicable,prohibited_legacy,"[""legacy_template_content""]",[],,2016-09-06
help-17,17,供货商合作,mall_sql_jh_articles+knowledge_base_markdown,jh_articles.articleId=17,商城系统/帮助文章/供货商合作_17.md,2814052f7a43c63b01daf4c22891695ccd657785a5f72897b9489d8b771a8f03,商务合作,legacy_template,prohibited_legacy_content,1,1,2016-09-06 15:43:55,inventory_only,,[],legacy_template,来源记录存在；公开表述待签核,"[""全部旧商城模板内容""]",,0,legacy_template_prohibited,not_applicable,prohibited_legacy,"[""legacy_template_content""]",[],,2016-09-06
help-18,18,新闻媒体合作,mall_sql_jh_articles+knowledge_base_markdown,jh_articles.articleId=18,商城系统/帮助文章/新闻媒体合作_18.md,8bca6f6ffdf44bc5dcc9f0aa1e49289f87f4cc010daca9d436bfe6ff92bebe28,商务合作,legacy_template,prohibited_legacy_content,1,1,2016-09-06 15:44:11,inventory_only,,[],legacy_template,来源记录存在；公开表述待签核,"[""全部旧商城模板内容""]",,0,legacy_template_prohibited,not_applicable,prohibited_legacy,"[""legacy_template_content""]",[],,2016-09-06
help-27,27,价格保护,mall_sql_jh_articles+knowledge_base_markdown,jh_articles.articleId=27,商城系统/帮助文章/价格保护_27.md,4128f425da0ce2da51fee3cc275e4bf435a62c7abef212b03063f909878ab61f,售后服务,legacy_template,prohibited_legacy_content,1,1,2016-10-20 10:11:27,inventory_only,,[],legacy_template,来源记录存在；公开表述待签核,"[""全部旧商城模板内容""]",,2,legacy_template_prohibited,needs_review,prohibited_legacy,"[""legacy_template_content""]",[],,2016-10-20
help-28,28,公司转账,mall_sql_jh_articles+knowledge_base_markdown,jh_articles.articleId=28,商城系统/帮助文章/公司转账_28.md,e275d7f6238722fda4f9875bd9b73991d543ec967a9663c0f35da7a61c520dcd,支付方式,legacy_template,prohibited_legacy_content,1,1,2016-10-20 10:14:28,inventory_only,,[],legacy_template,来源记录存在；公开表述待签核,"[""全部旧商城模板内容""]",,2,legacy_template_prohibited,needs_review,prohibited_legacy,"[""legacy_template_content""]",[],,2016-10-20
help-29,29,取消订单,mall_sql_jh_articles+knowledge_base_markdown,jh_articles.articleId=29,商城系统/帮助文章/取消订单_29.md,ee3aa7d09a07f4b8920c48c476e3a823da0ec6e73a7b8f9114c1976963ce4e44,售后服务,legacy_template,prohibited_legacy_content,1,1,2016-10-20 10:35:17,inventory_only,,[],legacy_template,来源记录存在；公开表述待签核,"[""全部旧商城模板内容""]",,2,legacy_template_prohibited,needs_review,prohibited_legacy,"[""legacy_template_content""]",[],,2016-10-20
help-30,30,配送费用说明,mall_sql_jh_articles+knowledge_base_markdown,jh_articles.articleId=30,商城系统/帮助文章/配送费用说明_30.md,d8062be7b92ed978d7dd91664befa93941df1355920628412c250bb53aba5a62,商城咨询,legacy_template,prohibited_legacy_content,1,1,2016-10-20 10:36:43,inventory_only,,[],legacy_template,来源记录存在；公开表述待签核,"[""全部旧商城模板内容""]",,2,legacy_template_prohibited,needs_review,prohibited_legacy,"[""legacy_template_content""]",[],,2016-10-20
help-31,31,入驻商家配送说明,mall_sql_jh_articles+knowledge_base_markdown,jh_articles.articleId=31,商城系统/帮助文章/入驻商家配送说明_31.md,fe02c398ea736811242960e5ff921f406d20714fa87e55030536a3ce0bb1c2a2,商城咨询,legacy_template,prohibited_legacy_content,1,1,2016-10-20 10:57:50,inventory_only,,[],legacy_template,来源记录存在；公开表述待签核,"[""全部旧商城模板内容""]",,2,legacy_template_prohibited,needs_review,prohibited_legacy,"[""legacy_template_content""]",[],,2016-10-20
help-32,32,优惠政策,mall_sql_jh_articles+knowledge_base_markdown,jh_articles.articleId=32,商城系统/帮助文章/优惠政策_32.md,ebe2b23994f9179f9d17285d35552029bda6ccbff11e5ee4b23e156d0a87c9b0,购物指南,legacy_template,prohibited_legacy_content,1,1,2016-10-20 11:12:25,inventory_only,,[],legacy_template,来源记录存在；公开表述待签核,"[""全部旧商城模板内容""]",,2,legacy_template_prohibited,needs_review,prohibited_legacy,"[""legacy_template_content""]",[],,2016-10-20
help-33,33,发票制度,mall_sql_jh_articles+knowledge_base_markdown,jh_articles.articleId=33,商城系统/帮助文章/发票制度_33.md,4d659021ac821229ad854530b95c369318042e53beaa21dc6d34e48155a2bcdf,购物指南,legacy_template,prohibited_legacy_content,1,1,2016-10-20 11:16:00,inventory_only,,[],legacy_template,来源记录存在；公开表述待签核,"[""全部旧商城模板内容""]",,2,legacy_template_prohibited,needs_review,prohibited_legacy,"[""legacy_template_content""]",[],,2016-10-20
help-105,105,招商方向,mall_sql_jh_articles+knowledge_base_markdown,jh_articles.articleId=105,商城系统/帮助文章/招商方向_105.md,8d9d56427e9e3daefb64f456cb7534d69bd0b9bbd30e22942e68cfc22de8d718,商家入驻指南,legacy_template,prohibited_legacy_content,1,1,2017-06-26 22:23:49,inventory_only,,[],legacy_template,来源记录存在；公开表述待签核,"[""全部旧商城模板内容""]",,0,legacy_template_prohibited,not_applicable,prohibited_legacy,"[""legacy_template_content""]",[],,2017-06-26
help-106,106,招商标准,mall_sql_jh_articles+knowledge_base_markdown,jh_articles.articleId=106,商城系统/帮助文章/招商标准_106.md,030881ba8ce62e33f9e6550e1f695b6369ef0f132eef53ef71eccc56733133aa,商家入驻指南,legacy_template,prohibited_legacy_content,1,1,2017-06-26 22:30:54,inventory_only,,[],legacy_template,来源记录存在；公开表述待签核,"[""全部旧商城模板内容""]",,0,legacy_template_prohibited,not_applicable,prohibited_legacy,"[""legacy_template_content""]",[],,2017-06-26
help-107,107,资质要求,mall_sql_jh_articles+knowledge_base_markdown,jh_articles.articleId=107,商城系统/帮助文章/资质要求_107.md,0c867b40b38a98ba8e4459d5e2e84b7bfd985a0bc9350b05f9c6635365007b9c,商家入驻指南,legacy_template,prohibited_legacy_content,1,1,2017-06-26 22:32:30,inventory_only,,[],legacy_template,来源记录存在；公开表述待签核,"[""全部旧商城模板内容""]",,0,legacy_template_prohibited,not_applicable,prohibited_legacy,"[""legacy_template_content""]",[],,2017-06-26
help-108,108,资费标准,mall_sql_jh_articles+knowledge_base_markdown,jh_articles.articleId=108,商城系统/帮助文章/资费标准_108.md,a0929f796ef30329cbbffd54bcb6e3f654ec9b1a746554dc4a38647f5b575fa3,商家入驻指南,legacy_template,prohibited_legacy_content,1,1,2017-06-26 22:33:26,inventory_only,,[],legacy_template,来源记录存在；公开表述待签核,"[""全部旧商城模板内容""]",,0,legacy_template_prohibited,not_applicable,prohibited_legacy,"[""legacy_template_content""]",[],,2017-06-26
help-109,109,入驻协议,mall_sql_jh_articles+knowledge_base_markdown,jh_articles.articleId=109,商城系统/帮助文章/入驻协议_109.md,e05b68310101e6902e229a690c8818da6e6b9e134e374461bd413c508ce0a093,商家入驻指南,legacy_template,prohibited_legacy_content,1,1,2017-06-26 23:07:24,inventory_only,,[],legacy_template,来源记录存在；公开表述待签核,"[""全部旧商城模板内容""]",,0,legacy_template_prohibited,not_applicable,prohibited_legacy,"[""legacy_template_content""]",[],,2017-06-26
help-111,111,供应商添加产品视频教程,mall_sql_jh_articles+knowledge_base_markdown,jh_articles.articleId=111,商城系统/帮助文章/供应商添加产品视频教程_111.md,e7bde680796fb57edaeaf0c25332c0f63ef6cf4f7cbfb74d46afb7e2f246d515,商家帮助,legacy_template,prohibited_legacy_content,1,1,2020-01-05 19:33:17,inventory_only,,[],legacy_template,来源记录存在；公开表述待签核,"[""全部旧商城模板内容""]",,0,legacy_template_prohibited,not_applicable,prohibited_legacy,"[""legacy_template_content""]",[],,2020-01-05
help-112,112,如何绑定收款支付宝,mall_sql_jh_articles+knowledge_base_markdown,jh_articles.articleId=112,商城系统/帮助文章/如何绑定收款支付宝_112.md,28f3c2f9abda385d0c0f2a4675d8233c13c22fcb211c578517b7babf77292d01,商家帮助,legacy_template,prohibited_legacy_content,1,1,2020-01-05 19:41:03,inventory_only,,[],legacy_template,来源记录存在；公开表述待签核,"[""全部旧商城模板内容""]",,0,legacy_template_prohibited,not_applicable,prohibited_legacy,"[""legacy_template_content""]",[],,2020-01-05
help-113,113,如何添加商品分类,mall_sql_jh_articles+knowledge_base_markdown,jh_articles.articleId=113,商城系统/帮助文章/如何添加商品分类_113.md,64d764e5a4cfd125d96e6c69e69acc42842df11ef4eaf4cae55eb78d282a8eb2,商家帮助,legacy_template,prohibited_legacy_content,1,1,2020-01-05 19:52:23,inventory_only,,[],legacy_template,来源记录存在；公开表述待签核,"[""全部旧商城模板内容""]",,0,legacy_template_prohibited,not_applicable,prohibited_legacy,"[""legacy_template_content""]",[],,2020-01-05
help-114,114,商家如何发放优惠券,mall_sql_jh_articles+knowledge_base_markdown,jh_articles.articleId=114,商城系统/帮助文章/商家如何发放优惠券_114.md,dec78e45bb04d9624feb36a782d07dce36bbea3c4ca26509a6c856734b14109f,商家帮助,legacy_template,prohibited_legacy_content,1,1,2020-01-05 19:52:48,inventory_only,,[],legacy_template,来源记录存在；公开表述待签核,"[""全部旧商城模板内容""]",,0,legacy_template_prohibited,not_applicable,prohibited_legacy,"[""legacy_template_content""]",[],,2020-01-05
help-118,118,钜豪专题宣传片,mall_sql_jh_articles+knowledge_base_markdown,jh_articles.articleId=118,商城系统/帮助文章/钜豪专题宣传片_118.md,07b14ff4c8cb8f7a4dd4ce6ebcaf7ca788847b497047c07d8a0df2a293aae960,宣传视频,video_asset,missing_video_payload,1,1,2020-03-25 11:19:01,inventory_only,,[],video_asset,来源记录存在；公开表述待签核,"[""视频文件、画面权利与内容事实""]",https://bocang.oss-cn-shenzhen.aliyuncs.com/upload/articles/2020-03/5e7acd98c1f71_thumb.jpg,0,missing_supporting_file,needs_review,blocked_missing_payload,"[""supporting_file_missing"", ""content_facts_not_reviewed""]","[""内容负责人"", ""技术负责人""]",HELP-118,2020-03-25
help-119,119,钜豪30秒宣传片,mall_sql_jh_articles+knowledge_base_markdown,jh_articles.articleId=119,商城系统/帮助文章/钜豪30秒宣传片_119.md,8da7d695b5270a5fadbfbb8fc4c0a3924a3c562dc141cee2683d2baa6d693890,宣传视频,video_asset,missing_video_payload,1,1,2020-03-25 11:19:55,inventory_only,,[],video_asset,来源记录存在；公开表述待签核,"[""视频文件、画面权利与内容事实""]",https://bocang.oss-cn-shenzhen.aliyuncs.com/upload/articles/2020-03/5e7acdd7e5c89_thumb.jpg,0,missing_supporting_file,needs_review,blocked_missing_payload,"[""supporting_file_missing"", ""content_facts_not_reviewed""]","[""内容负责人"", ""技术负责人""]",HELP-119,2020-03-25
help-120,120,如何推广钜豪商城,mall_sql_jh_articles+knowledge_base_markdown,jh_articles.articleId=120,商城系统/帮助文章/如何推广钜豪商城_120.md,c84c609384155763397643cdb00d139af5ef6bbcff0579fd463e01df88e12a3d,宣传视频,video_asset,missing_video_payload,1,1,2020-03-25 11:20:54,inventory_only,,[],video_asset,来源记录存在；公开表述待签核,"[""视频文件、画面权利与内容事实""]",https://bocang.oss-cn-shenzhen.aliyuncs.com/upload/articles/2020-09/5f657f1734f8a_thumb.png,0,missing_supporting_file,needs_review,blocked_missing_payload,"[""supporting_file_missing"", ""content_facts_not_reviewed""]","[""内容负责人"", ""技术负责人""]",HELP-120,2020-03-25
help-121,121,钜豪形象,mall_sql_jh_articles+knowledge_base_markdown,jh_articles.articleId=121,商城系统/帮助文章/钜豪形象_121.md,e01ca7673ec1fb314c7562f1e476d346d5ab597357efe9ac3ef9d2c8444bc2ec,宣传视频,video_asset,missing_video_payload,1,1,2020-03-25 11:22:02,inventory_only,,[],video_asset,来源记录存在；公开表述待签核,"[""视频文件、画面权利与内容事实""]",https://bocang.oss-cn-shenzhen.aliyuncs.com/upload/articles/2020-03/5e7ace56b3c57_thumb.jpg,0,missing_supporting_file,needs_review,blocked_missing_payload,"[""supporting_file_missing"", ""content_facts_not_reviewed""]","[""内容负责人"", ""技术负责人""]",HELP-121,2020-03-25
help-122,122,2020横栏慈善万人行，钜豪与慈善同行！,mall_sql_jh_articles+knowledge_base_markdown,jh_articles.articleId=122,商城系统/帮助文章/2020横栏慈善万人行，钜豪与慈善同行！_122.md,6cd362c7bd57dc1e67066eac1e9b3c5b34e96c97f97d51a7ec22f1c9d6783562,公司新闻,company_dynamic,company_news_record,1,1,2020-04-17 11:01:32,inventory_only,,[],company_event,来源记录存在；公开表述待签核,"[""宣传性判断、未经复核的规模和行业地位""]",https://bocang.oss-cn-shenzhen.aliyuncs.com/upload/articles/2020-04/5e991cf3ce961_thumb.jpg,13,source_markdown_available,needs_review,inventory_needs_evidence,"[""dedicated_evidence_missing"", ""public_claim_signoff""]","[""内容负责人"", ""业务负责人""]",HELP-122,2020-04-17
help-123,123,钜豪集团全力做好复工准备,mall_sql_jh_articles+knowledge_base_markdown,jh_articles.articleId=123,商城系统/帮助文章/钜豪集团全力做好复工准备_123.md,183a7fe01dd5e62274ffe1778d854229ebe5efd8ac68e105cb580320c7ace826,公司新闻,company_dynamic,company_news_record,1,1,2020-04-17 11:35:40,inventory_only,,[],company_event,来源记录存在；公开表述待签核,"[""宣传性判断、未经复核的规模和行业地位""]",https://bocang.oss-cn-shenzhen.aliyuncs.com/upload/articles/2020-04/5e9923eed1d65_thumb.jpg,12,source_markdown_available,needs_review,inventory_needs_evidence,"[""dedicated_evidence_missing"", ""public_claim_signoff""]","[""内容负责人"", ""业务负责人""]",HELP-123,2020-04-17
help-124,124,智慧生活，钜豪为你量身定制！,mall_sql_jh_articles+knowledge_base_markdown,jh_articles.articleId=124,商城系统/帮助文章/智慧生活，钜豪为你量身定制！_124.md,a5c3193d73139bac822203f957ec1ef7519b395172d6b72ac41a3f1648db282a,公司新闻,smart_capability,smart_capability_record,1,1,2020-04-17 12:02:04,inventory_only,,[],technical_capability,来源记录存在；公开表述待签核,"[""协议、兼容范围、部署条件与售后边界""]",https://bocang.oss-cn-shenzhen.aliyuncs.com/upload/articles/2020-04/5e99264bc94a4_thumb.jpg,26,source_markdown_available,needs_review,inventory_needs_evidence,"[""dedicated_evidence_missing"", ""public_claim_signoff""]","[""内容负责人"", ""业务负责人""]",HELP-124,2020-04-17
help-125,125,健康复工，安全复产，钜豪照明蓄势待发！,mall_sql_jh_articles+knowledge_base_markdown,jh_articles.articleId=125,商城系统/帮助文章/健康复工，安全复产，钜豪照明蓄势待发！_125.md,bb3e3fa0f295fa82ea0096d35832ca1a23a923fbe9256713e35fbb8918b8224f,公司新闻,company_dynamic,company_news_record,1,1,2020-04-17 12:21:49,inventory_only,,[],company_event,来源记录存在；公开表述待签核,"[""宣传性判断、未经复核的规模和行业地位""]",https://bocang.oss-cn-shenzhen.aliyuncs.com/upload/articles/2020-04/5e992cc43a068_thumb.jpg,18,source_markdown_available,needs_review,inventory_needs_evidence,"[""dedicated_evidence_missing"", ""public_claim_signoff""]","[""内容负责人"", ""业务负责人""]",HELP-125,2020-04-17
help-126,126,钜豪照明荣获“中国照明电器行业创新发展企业”表彰,mall_sql_jh_articles+knowledge_base_markdown,jh_articles.articleId=126,商城系统/帮助文章/钜豪照明荣获“中国照明电器行业创新发展企业”表彰_126.md,02f9691af82a87ef65f99e265e69c9aae0b1d89c074357a933ec38fc55ab4dbe,公司新闻,honor,honor_source_record,1,1,2020-04-17 13:06:12,inventory_only,,[],honor_claim,来源记录存在；公开表述待签核,"[""证书原件、授予方、日期与获奖主体""]",https://bocang.oss-cn-shenzhen.aliyuncs.com/upload/articles/2020-04/5e99384e7c2cf_thumb.jpg,11,source_markdown_available,needs_review,inventory_needs_evidence,"[""dedicated_evidence_missing"", ""public_claim_signoff""]","[""内容负责人"", ""业务负责人"", ""品牌负责人""]",HELP-126,2020-04-17
help-127,127,阿里云与广东钜豪携手点亮智能照明产业未来，达成“钜豪智慧家庭”合作,mall_sql_jh_articles+knowledge_base_markdown,jh_articles.articleId=127,商城系统/帮助文章/阿里云与广东钜豪携手点亮智能照明产业未来，达成“钜豪智慧家庭”合作_127.md,724f32be2a44364c8bab2ce8e58d5ef25c88b1819187441e6c04f41b690c803a,公司新闻,smart_capability,smart_capability_record,1,1,2020-04-17 13:11:27,inventory_only,,[],technical_capability,来源记录存在；公开表述待签核,"[""协议、兼容范围、部署条件与售后边界""]",https://bocang.oss-cn-shenzhen.aliyuncs.com/upload/articles/2020-04/5e993a2c8dce3_thumb.jpg,4,source_markdown_available,needs_review,inventory_needs_evidence,"[""dedicated_evidence_missing"", ""public_claim_signoff""]","[""内容负责人"", ""业务负责人""]",HELP-127,2020-04-17
help-128,128,【成员动态】联盟新成员介绍——钜豪信息,mall_sql_jh_articles+knowledge_base_markdown,jh_articles.articleId=128,商城系统/帮助文章/【成员动态】联盟新成员介绍——钜豪信息_128.md,6e511b18e2d5821f63f50d407cd75a2e14c8ff098c55a87edf168eb74709c318,公司新闻,company_dynamic,company_news_record,1,1,2020-04-17 13:39:26,inventory_only,,[],company_event,来源记录存在；公开表述待签核,"[""宣传性判断、未经复核的规模和行业地位""]",https://bocang.oss-cn-shenzhen.aliyuncs.com/upload/articles/2020-04/5e99409ec129c_thumb.jpg,5,source_markdown_available,needs_review,inventory_needs_evidence,"[""dedicated_evidence_missing"", ""public_claim_signoff""]","[""内容负责人"", ""业务负责人""]",HELP-128,2020-04-17
help-129,129,不忘初心，筑梦2020！钜豪迎新团年晚宴！,mall_sql_jh_articles+knowledge_base_markdown,jh_articles.articleId=129,商城系统/帮助文章/不忘初心，筑梦2020！钜豪迎新团年晚宴！_129.md,560ef52e09ce6839ded5941becd550d3fa0eab0f937270e49c47e4ecf9b8b2a3,公司新闻,company_dynamic,company_news_record,1,1,2020-04-17 13:57:46,inventory_only,,[],company_event,来源记录存在；公开表述待签核,"[""宣传性判断、未经复核的规模和行业地位""]",https://bocang.oss-cn-shenzhen.aliyuncs.com/upload/articles/2020-04/5e99425fd29c3_thumb.jpg,35,source_markdown_available,needs_review,inventory_needs_evidence,"[""dedicated_evidence_missing"", ""public_claim_signoff""]","[""内容负责人"", ""业务负责人""]",HELP-129,2020-04-17
help-130,130,如何登陆后台,mall_sql_jh_articles+knowledge_base_markdown,jh_articles.articleId=130,商城系统/帮助文章/如何登陆后台_130.md,653dc4a48bda77cbc89b6fb9bf861e3018607d1926e805bdd95810d0ebc80ddf,如何添加下级网点、店铺和客服,legacy_template,prohibited_legacy_content,1,1,2020-04-22 16:49:25,inventory_only,,[],legacy_template,来源记录存在；公开表述待签核,"[""全部旧商城模板内容""]",https://bocang.oss-cn-shenzhen.aliyuncs.com/upload/articles/2020-04/5ea11411ed75e_thumb.jpg,0,legacy_template_prohibited,needs_review,prohibited_legacy,"[""legacy_template_content""]",[],,2020-04-22
help-131,131,市代如何为下级ABC店添加网点,mall_sql_jh_articles+knowledge_base_markdown,jh_articles.articleId=131,商城系统/帮助文章/市代如何为下级ABC店添加网点_131.md,e8913ab81f86a215cbfa51465c68670920d899a5d932eb1ef73091269c3597d9,如何添加下级网点、店铺和客服,legacy_template,prohibited_legacy_content,1,1,2020-04-22 16:50:47,inventory_only,,[],legacy_template,来源记录存在；公开表述待签核,"[""全部旧商城模板内容""]",https://bocang.oss-cn-shenzhen.aliyuncs.com/upload/articles/2020-04/5ea1140219d0d_thumb.jpg,0,legacy_template_prohibited,needs_review,prohibited_legacy,"[""legacy_template_content""]",[],,2020-04-22
help-132,132,如何为网点添加客服,mall_sql_jh_articles+knowledge_base_markdown,jh_articles.articleId=132,商城系统/帮助文章/如何为网点添加客服_132.md,e5b364c6d546581f5a53186461698b3d8f42becda7d220c805743fb8ae74e194,如何添加下级网点、店铺和客服,legacy_template,prohibited_legacy_content,1,1,2020-04-22 16:53:12,inventory_only,,[],legacy_template,来源记录存在；公开表述待签核,"[""全部旧商城模板内容""]",https://bocang.oss-cn-shenzhen.aliyuncs.com/upload/articles/2020-04/5ea113d113a10_thumb.jpg,0,legacy_template_prohibited,needs_review,prohibited_legacy,"[""legacy_template_content""]",[],,2020-04-22
help-133,133,如何为下级网点添加店铺,mall_sql_jh_articles+knowledge_base_markdown,jh_articles.articleId=133,商城系统/帮助文章/如何为下级网点添加店铺_133.md,c01373396d5bdd7d20786234537f0fef426f33742c6ae18948c0b7075cd7c312,如何添加下级网点、店铺和客服,legacy_template,prohibited_legacy_content,1,1,2020-04-22 16:54:58,inventory_only,,[],legacy_template,来源记录存在；公开表述待签核,"[""全部旧商城模板内容""]",https://bocang.oss-cn-shenzhen.aliyuncs.com/upload/articles/2020-04/5ea113b56a38d_thumb.jpg,0,legacy_template_prohibited,needs_review,prohibited_legacy,"[""legacy_template_content""]",[],,2020-04-22
help-134,134,如何设置下级网点产品采购价,mall_sql_jh_articles+knowledge_base_markdown,jh_articles.articleId=134,商城系统/帮助文章/如何设置下级网点产品采购价_134.md,7f5288ce017c27bdb9e2aae607a48a2d05980efa383ae5fbb3ef615f65f162f7,如何设置下级网点产品采购价,legacy_template,prohibited_legacy_content,1,1,2020-04-23 13:26:27,inventory_only,,[],legacy_template,来源记录存在；公开表述待签核,"[""全部旧商城模板内容""]",https://bocang.oss-cn-shenzhen.aliyuncs.com/upload/articles/2020-04/5ea13cadde46e_thumb.jpg,0,legacy_template_prohibited,needs_review,prohibited_legacy,"[""legacy_template_content""]",[],,2020-04-23
help-135,135,如何将产品分享给好友,mall_sql_jh_articles+knowledge_base_markdown,jh_articles.articleId=135,商城系统/帮助文章/如何将产品分享给好友_135.md,f2169fb43c84e2f15a31efa629ed250a5b7c514ee0d81cee1acc8f5714035141,如何把产品和推广海报分享给好友,legacy_template,prohibited_legacy_content,1,1,2020-04-23 13:37:13,inventory_only,,[],legacy_template,来源记录存在；公开表述待签核,"[""全部旧商城模板内容""]",https://bocang.oss-cn-shenzhen.aliyuncs.com/upload/articles/2020-04/5ea13c9855e24_thumb.jpg,0,legacy_template_prohibited,needs_review,prohibited_legacy,"[""legacy_template_content""]",[],,2020-04-23
help-136,136,如何快速切换身份,mall_sql_jh_articles+knowledge_base_markdown,jh_articles.articleId=136,商城系统/帮助文章/如何快速切换身份_136.md,14bbfff98c66de53e24466f59bce13acdbc9980ac718540aa3d144d6225d2d35,如何快速切换身份,legacy_template,prohibited_legacy_content,1,1,2020-04-23 13:42:14,inventory_only,,[],legacy_template,来源记录存在；公开表述待签核,"[""全部旧商城模板内容""]",https://bocang.oss-cn-shenzhen.aliyuncs.com/upload/articles/2020-04/5ea13c8297dc5_thumb.jpg,0,legacy_template_prohibited,needs_review,prohibited_legacy,"[""legacy_template_content""]",[],,2020-04-23
help-137,137,如何为自营网点添加店铺,mall_sql_jh_articles+knowledge_base_markdown,jh_articles.articleId=137,商城系统/帮助文章/如何为自营网点添加店铺_137.md,82a27f6134e1ac6b85721ca86b47731df1914d1aee3628f7374daccca0383531,如何添加下级网点、店铺和客服,legacy_template,prohibited_legacy_content,1,1,2020-04-23 14:06:10,inventory_only,,[],legacy_template,来源记录存在；公开表述待签核,"[""全部旧商城模板内容""]",,0,legacy_template_prohibited,not_applicable,prohibited_legacy,"[""legacy_template_content""]",[],,2020-04-23
help-138,138,市代或经销商如何提现,mall_sql_jh_articles+knowledge_base_markdown,jh_articles.articleId=138,商城系统/帮助文章/市代或经销商如何提现_138.md,f8e40a932b995fbf4b75f9fcecfe2b235c5e4b38a8778297d20008f462b165f7,市代或经销商如何提现,legacy_template,prohibited_legacy_content,1,1,2020-04-23 16:08:32,inventory_only,,[],legacy_template,来源记录存在；公开表述待签核,"[""全部旧商城模板内容""]",https://bocang.oss-cn-shenzhen.aliyuncs.com/upload/articles/2020-04/5ea14cfb8ee9b_thumb.jpg,0,legacy_template_prohibited,needs_review,prohibited_legacy,"[""legacy_template_content""]",[],,2020-04-23
help-139,139,市代如何查看处理下级网点订单,mall_sql_jh_articles+knowledge_base_markdown,jh_articles.articleId=139,商城系统/帮助文章/市代如何查看处理下级网点订单_139.md,8d17eb89bd2bff876b13f3fa50746b1ee2459c12223e1e206c79981876ccdcaf,市代如何查看处理下级网点订单,legacy_template,prohibited_legacy_content,1,1,2020-04-29 16:34:00,inventory_only,,[],legacy_template,来源记录存在；公开表述待签核,"[""全部旧商城模板内容""]",https://bocang.oss-cn-shenzhen.aliyuncs.com/upload/articles/2020-04/5ea93bf3ed009_thumb.jpg,0,legacy_template_prohibited,needs_review,prohibited_legacy,"[""legacy_template_content""]",[],,2020-04-29
help-140,140,市代如何查看处理自营店铺订单,mall_sql_jh_articles+knowledge_base_markdown,jh_articles.articleId=140,商城系统/帮助文章/市代如何查看处理自营店铺订单_140.md,0c5b2154c2d597de8e4c585e0052be36bc647c05d038f7b21c914dc3f936d972,市代如何查看处理下级网点订单,legacy_template,prohibited_legacy_content,1,1,2020-04-29 16:35:17,inventory_only,,[],legacy_template,来源记录存在；公开表述待签核,"[""全部旧商城模板内容""]",https://bocang.oss-cn-shenzhen.aliyuncs.com/upload/articles/2020-04/5ea93c4053d16_thumb.jpg,0,legacy_template_prohibited,needs_review,prohibited_legacy,"[""legacy_template_content""]",[],,2020-04-29
help-141,141,恭贺钜豪承办横栏2020工厂直购节圆满成功,mall_sql_jh_articles+knowledge_base_markdown,jh_articles.articleId=141,商城系统/帮助文章/恭贺钜豪承办横栏2020工厂直购节圆满成功_141.md,98b30baaf85171df33f910afd07ba8c54e12b7c1c62d83e01968a58a93bb9864,公司新闻,company_dynamic,company_news_record,1,1,2020-05-22 10:01:24,inventory_only,,[],company_event,来源记录存在；公开表述待签核,"[""宣传性判断、未经复核的规模和行业地位""]",https://bocang.oss-cn-shenzhen.aliyuncs.com/upload/articles/2020-05/5ec732c5b93d8_thumb.jpg,15,source_markdown_available,needs_review,inventory_needs_evidence,"[""dedicated_evidence_missing"", ""public_claim_signoff""]","[""内容负责人"", ""业务负责人""]",HELP-141,2020-05-22
help-142,142,钜豪优秀经销集训会议成功召开,mall_sql_jh_articles+knowledge_base_markdown,jh_articles.articleId=142,商城系统/帮助文章/钜豪优秀经销集训会议成功召开_142.md,dec8c08343e72b69a58658213abc7ffd1a229babd3f44cf2fc861af4a07ed0dc,公司新闻,company_dynamic,company_news_record,1,1,2020-05-22 10:23:44,inventory_only,,[],company_event,来源记录存在；公开表述待签核,"[""宣传性判断、未经复核的规模和行业地位""]",https://bocang.oss-cn-shenzhen.aliyuncs.com/upload/articles/2020-05/5ec7345519a01_thumb.jpg,15,source_markdown_available,needs_review,inventory_needs_evidence,"[""dedicated_evidence_missing"", ""public_claim_signoff""]","[""内容负责人"", ""业务负责人""]",HELP-142,2020-05-22
help-143,143,如何分享自己店铺的推广海报给好友,mall_sql_jh_articles+knowledge_base_markdown,jh_articles.articleId=143,商城系统/帮助文章/如何分享自己店铺的推广海报给好友_143.md,2dfdc7d9c20a8392676d30b4ac8d54e032c019311ddd12d92713526e153f003a,如何把产品和推广海报分享给好友,legacy_template,prohibited_legacy_content,1,1,2020-05-25 17:23:29,inventory_only,,[],legacy_template,来源记录存在；公开表述待签核,"[""全部旧商城模板内容""]",https://bocang.oss-cn-shenzhen.aliyuncs.com/upload/articles/2020-05/5ecb8e8b1d552_thumb.jpg,0,legacy_template_prohibited,needs_review,prohibited_legacy,"[""legacy_template_content""]",[],,2020-05-25
help-144,144,省领导莅临钜豪参观调研,mall_sql_jh_articles+knowledge_base_markdown,jh_articles.articleId=144,商城系统/帮助文章/省领导莅临钜豪参观调研_144.md,6a92350dd57112bcd6b4ff7f05f373e2f77180cbc34bbb39dbb0f62d5d90f116,公司新闻,company_dynamic,company_news_record,1,1,2020-08-29 18:06:45,inventory_only,,[],company_event,来源记录存在；公开表述待签核,"[""宣传性判断、未经复核的规模和行业地位""]",https://bocang.oss-cn-shenzhen.aliyuncs.com/upload/articles/2020-08/5f4a28ad93691_thumb.jpg,5,source_markdown_available,needs_review,inventory_needs_evidence,"[""dedicated_evidence_missing"", ""public_claim_signoff""]","[""内容负责人"", ""业务负责人""]",HELP-144,2020-08-29
help-145,145,5G多功能模组化智慧路灯,mall_sql_jh_articles+knowledge_base_markdown,jh_articles.articleId=145,商城系统/帮助文章/5G多功能模组化智慧路灯_145.md,a6aca244eebf8031345806fa744014442fe231261b5d69413a933968ee852fe5,公司新闻,smart_capability,smart_capability_record,1,1,2020-08-30 10:02:04,inventory_only,,[],technical_capability,来源记录存在；公开表述待签核,"[""协议、兼容范围、部署条件与售后边界""]",https://bocang.oss-cn-shenzhen.aliyuncs.com/upload/articles/2020-08/5f4b08eb6a7f6_thumb.jpg,25,source_markdown_available,needs_review,inventory_needs_evidence,"[""dedicated_evidence_missing"", ""public_claim_signoff""]","[""内容负责人"", ""业务负责人""]",HELP-145,2020-08-30
help-146,146,钜豪智慧光空间 ▏系列产品之高端创意线条灯,mall_sql_jh_articles+knowledge_base_markdown,jh_articles.articleId=146,商城系统/帮助文章/钜豪智慧光空间 ▏系列产品之高端创意线条灯_146.md,c9a6d66e08252fb8507e2c2c63f98cfdcd380ab1c4623e641050336e48f58467,公司新闻,product_topic,product_topic_record,1,1,2020-08-30 15:10:52,inventory_only,,[],product_topic,来源记录存在；公开表述待签核,"[""具体型号、参数、库存、价格与适用结论""]",https://bocang.oss-cn-shenzhen.aliyuncs.com/upload/articles/2020-08/5f4b50aa7db27_thumb.png,68,source_markdown_available,needs_review,inventory_needs_evidence,"[""dedicated_evidence_missing"", ""public_claim_signoff""]","[""内容负责人"", ""业务负责人""]",HELP-146,2020-08-30
help-147,147,照明新宠，最吸睛最流行的磁吸灯！,mall_sql_jh_articles+knowledge_base_markdown,jh_articles.articleId=147,商城系统/帮助文章/照明新宠，最吸睛最流行的磁吸灯！_147.md,d66581134c0938d85f1d885fae3abce4a802d733bf89ea9f9b629717861ea9a7,公司新闻,product_topic,product_topic_record,1,1,2020-08-30 15:38:43,inventory_only,,[],product_topic,来源记录存在；公开表述待签核,"[""具体型号、参数、库存、价格与适用结论""]",https://bocang.oss-cn-shenzhen.aliyuncs.com/upload/articles/2020-08/5f4b57b1e9f50_thumb.jpg,49,source_markdown_available,needs_review,inventory_needs_evidence,"[""dedicated_evidence_missing"", ""public_claim_signoff""]","[""内容负责人"", ""业务负责人""]",HELP-147,2020-08-30
help-148,148,如何推广钜豪商城,mall_sql_jh_articles+knowledge_base_markdown,jh_articles.articleId=148,商城系统/帮助文章/如何推广钜豪商城_148.md,cbfe3656900ac8e059d5cd6a025fd06cc27a79b9314a5acf9f62a3fd52d96978,如何推广钜豪商城,legacy_template,prohibited_legacy_content,1,1,2020-09-19 11:50:13,inventory_only,,[],legacy_template,来源记录存在；公开表述待签核,"[""全部旧商城模板内容""]",https://bocang.oss-cn-shenzhen.aliyuncs.com/upload/articles/2020-09/5f65815486fa5_thumb.jpg,0,legacy_template_prohibited,needs_review,prohibited_legacy,"[""legacy_template_content""]",[],,2020-09-19
help-149,149,谋定5年发展战略！钜豪照明2020华东会议启新篇！,mall_sql_jh_articles+knowledge_base_markdown,jh_articles.articleId=149,商城系统/帮助文章/谋定5年发展战略！钜豪照明2020华东会议启新篇！_149.md,4c15e485105e0f96d8f06ec1741878fcb6aab723ac5a72d2de1eaa5af57650f4,公司新闻,company_dynamic,company_news_record,1,1,2020-12-01 11:13:33,embedded_reference,/about/history,"[""/about/history""]",company_event,来源记录存在；公开表述待签核,"[""宣传性判断、未经复核的规模和行业地位""]",https://bocang.oss-cn-shenzhen.aliyuncs.com/upload/articles/2020-12/5fc5b5012de57_thumb.jpg,9,source_markdown_available,needs_review,routed_private_needs_signoff,"[""public_claim_signoff"", ""media_selection_required""]","[""内容负责人"", ""业务负责人""]",HELP-149,2020-12-01
help-150,150,2020钜豪陕西经销商会议圆满成功,mall_sql_jh_articles+knowledge_base_markdown,jh_articles.articleId=150,商城系统/帮助文章/2020钜豪陕西经销商会议圆满成功_150.md,886a275c964d82b992505c58d4a57bde9940c4a822fcc11925e2d1812ca3d38d,公司新闻,company_dynamic,company_news_record,1,1,2020-12-01 11:36:02,inventory_only,,[],company_event,来源记录存在；公开表述待签核,"[""宣传性判断、未经复核的规模和行业地位""]",https://bocang.oss-cn-shenzhen.aliyuncs.com/upload/articles/2020-12/5fc5ba1c21fcf_thumb.jpg,9,source_markdown_available,needs_review,inventory_needs_evidence,"[""dedicated_evidence_missing"", ""public_claim_signoff""]","[""内容负责人"", ""业务负责人""]",HELP-150,2020-12-01
help-151,151,钜豪照明荣获“2020年度行业领袖品牌”,mall_sql_jh_articles+knowledge_base_markdown,jh_articles.articleId=151,商城系统/帮助文章/钜豪照明荣获“2020年度行业领袖品牌”_151.md,4fa23128427494198b9f23edee625a3e22534f158b29232bb03703741ceb0cbf,公司新闻,honor,honor_source_record,1,1,2020-12-28 15:29:51,inventory_only,,[],honor_claim,来源记录存在；公开表述待签核,"[""证书原件、授予方、日期与获奖主体""]",https://bocang.oss-cn-shenzhen.aliyuncs.com/upload/articles/2020-12/5fe98a233248b_thumb.jpg,3,source_markdown_available,needs_review,inventory_needs_evidence,"[""dedicated_evidence_missing"", ""public_claim_signoff""]","[""内容负责人"", ""业务负责人"", ""品牌负责人""]",HELP-151,2020-12-28
help-152,152,钜豪照明荣获三项殊荣,mall_sql_jh_articles+knowledge_base_markdown,jh_articles.articleId=152,商城系统/帮助文章/钜豪照明荣获三项殊荣_152.md,f56f134fa363d97e15ea17846d493bfd71dd7bfdc0640d69ed27f9e383dbd378,公司新闻,honor,honor_source_record,1,1,2020-12-28 15:48:15,inventory_only,,[],honor_claim,来源记录存在；公开表述待签核,"[""证书原件、授予方、日期与获奖主体""]",https://bocang.oss-cn-shenzhen.aliyuncs.com/upload/articles/2020-12/5fe98e0e260a5_thumb.jpeg,8,source_markdown_available,needs_review,inventory_needs_evidence,"[""dedicated_evidence_missing"", ""public_claim_signoff""]","[""内容负责人"", ""业务负责人"", ""品牌负责人""]",HELP-152,2020-12-28
help-153,153,钜豪迎新团年晚宴圆满落幕,mall_sql_jh_articles+knowledge_base_markdown,jh_articles.articleId=153,商城系统/帮助文章/钜豪迎新团年晚宴圆满落幕_153.md,ee6fe83cb9ac985b6d23f6840bf6f769c73c364d3063ec4eab9c9d0b12638b66,公司新闻,company_dynamic,company_news_record,1,1,2021-01-12 15:25:44,inventory_only,,[],company_event,来源记录存在；公开表述待签核,"[""宣传性判断、未经复核的规模和行业地位""]",https://bocang.oss-cn-shenzhen.aliyuncs.com/upload/articles/2021-01/5ffd4ea953178_thumb.jpg,17,source_markdown_available,needs_review,inventory_needs_evidence,"[""dedicated_evidence_missing"", ""public_claim_signoff""]","[""内容负责人"", ""业务负责人""]",HELP-153,2021-01-12
help-154,154,钜豪案例 | 大王山朗豪酒店,mall_sql_jh_articles+knowledge_base_markdown,jh_articles.articleId=154,商城系统/帮助文章/钜豪案例  大王山朗豪酒店_154.md,14d04887646d228448bc7e9a8cbb2a863f486ca78d1275fe29cb836e8fc0f1c5,公司新闻,project,project_record,1,1,2021-02-28 10:52:12,inventory_only,,[],project_stage,来源记录存在；后续实施状态待证,"[""施工、供货、交付和完工状态"", ""最终产品清单和成果数据""]",https://bocang.oss-cn-shenzhen.aliyuncs.com/upload/articles/2021-02/603b0557b77cc_thumb.jpg,18,source_markdown_available,needs_review,inventory_needs_evidence,"[""dedicated_evidence_missing"", ""public_claim_signoff""]","[""内容负责人"", ""业务负责人""]",HELP-154,2021-02-28
help-155,155,钜豪案例 | 中国首家汉唐文化主题五星级酒店,mall_sql_jh_articles+knowledge_base_markdown,jh_articles.articleId=155,商城系统/帮助文章/钜豪案例  中国首家汉唐文化主题五星级酒店_155.md,acd50ba56bd8a7d6d46beca41d60aec6b7612ddb867251471766485a16c17335,公司新闻,project,project_record,1,1,2021-03-01 11:35:38,inventory_only,,[],project_stage,来源记录存在；后续实施状态待证,"[""施工、供货、交付和完工状态"", ""最终产品清单和成果数据""]",https://bocang.oss-cn-shenzhen.aliyuncs.com/upload/articles/2021-03/603c5dc727901_thumb.jpg,23,source_markdown_available,needs_review,inventory_needs_evidence,"[""dedicated_evidence_missing"", ""public_claim_signoff""]","[""内容负责人"", ""业务负责人""]",HELP-155,2021-03-01
help-156,156,钜豪案例 | 丽枫花园酒店,mall_sql_jh_articles+knowledge_base_markdown,jh_articles.articleId=156,商城系统/帮助文章/钜豪案例  丽枫花园酒店_156.md,d249286263f1d6ff6a8b107dbab1248fdea0908ccca3edf1965f986f19a6f11c,公司新闻,project,project_record,1,1,2021-03-01 11:55:46,inventory_only,,[],project_stage,来源记录存在；后续实施状态待证,"[""施工、供货、交付和完工状态"", ""最终产品清单和成果数据""]",https://bocang.oss-cn-shenzhen.aliyuncs.com/upload/articles/2021-03/603c6340c8f40_thumb.jpg,16,source_markdown_available,needs_review,inventory_needs_evidence,"[""dedicated_evidence_missing"", ""public_claim_signoff""]","[""内容负责人"", ""业务负责人""]",HELP-156,2021-03-01
help-157,157,钜豪案例 | 秦晋国际大酒店,mall_sql_jh_articles+knowledge_base_markdown,jh_articles.articleId=157,商城系统/帮助文章/钜豪案例  秦晋国际大酒店_157.md,5ab4643a0c5e61c27df615f49b87b1fb8418ff56a6e78e268803eabd8211326d,公司新闻,project,project_record,1,1,2021-03-01 14:00:10,inventory_only,,[],project_stage,来源记录存在；后续实施状态待证,"[""施工、供货、交付和完工状态"", ""最终产品清单和成果数据""]",https://bocang.oss-cn-shenzhen.aliyuncs.com/upload/articles/2021-03/603c8357b5d52_thumb.png,16,source_markdown_available,needs_review,inventory_needs_evidence,"[""dedicated_evidence_missing"", ""public_claim_signoff""]","[""内容负责人"", ""业务负责人""]",HELP-157,2021-03-01
help-158,158,钜豪案例 | 拉萨-林芝线高铁站,mall_sql_jh_articles+knowledge_base_markdown,jh_articles.articleId=158,商城系统/帮助文章/钜豪案例  拉萨-林芝线高铁站_158.md,e5bbcf5f32424c91db3759b0bc4e8524287459398852568b481cf4088588dc39,公司新闻,project,project_record,1,1,2021-03-02 15:42:05,inventory_only,,[],project_stage,来源记录存在；后续实施状态待证,"[""施工、供货、交付和完工状态"", ""最终产品清单和成果数据""]",https://bocang.oss-cn-shenzhen.aliyuncs.com/upload/articles/2021-03/603decbea0cad_thumb.jpg,16,source_markdown_available,needs_review,inventory_needs_evidence,"[""dedicated_evidence_missing"", ""public_claim_signoff""]","[""内容负责人"", ""业务负责人""]",HELP-158,2021-03-02
help-159,159,钜豪案例 | 樟树温德姆大酒店,mall_sql_jh_articles+knowledge_base_markdown,jh_articles.articleId=159,商城系统/帮助文章/钜豪案例  樟树温德姆大酒店_159.md,3355f9de57bb523298a44ffa08c03ec5eece49946c8156d6dc7707d83da0277e,公司新闻,project,project_record,1,1,2021-03-02 16:02:01,inventory_only,,[],project_stage,来源记录存在；后续实施状态待证,"[""施工、供货、交付和完工状态"", ""最终产品清单和成果数据""]",https://bocang.oss-cn-shenzhen.aliyuncs.com/upload/articles/2021-03/603def858c3fd_thumb.jpg,9,source_markdown_available,needs_review,inventory_needs_evidence,"[""dedicated_evidence_missing"", ""public_claim_signoff""]","[""内容负责人"", ""业务负责人""]",HELP-159,2021-03-02
help-160,160,光·智见未来 | 钜豪智慧家庭正式发布！,mall_sql_jh_articles+knowledge_base_markdown,jh_articles.articleId=160,商城系统/帮助文章/光·智见未来  钜豪智慧家庭正式发布！_160.md,c574b5ff855a995a65f3cacdc214cd4bcf1a5b5710c40f016ef6a41a5928bea8,公司新闻,smart_capability,smart_capability_record,1,1,2021-03-17 19:23:16,embedded_reference,/about/history,"[""/about/history""]",technical_capability,来源记录存在；公开表述待签核,"[""协议、兼容范围、部署条件与售后边界""]",https://bocang.oss-cn-shenzhen.aliyuncs.com/upload/articles/2021-03/6051e53ab42e4_thumb.jpg,12,source_markdown_available,needs_review,routed_private_needs_signoff,"[""public_claim_signoff"", ""media_selection_required""]","[""内容负责人"", ""业务负责人""]",HELP-160,2021-03-17
help-164,164,年度盛典，智见未来！,mall_sql_jh_articles+knowledge_base_markdown,jh_articles.articleId=164,商城系统/帮助文章/年度盛典，智见未来！_164.md,c0e7e9b5a28021bd793fabe54a4c04af49dd3747d6ebfea657a97891b5311055,公司新闻,company_dynamic,company_news_record,1,1,2021-03-20 11:12:51,inventory_only,,[],company_event,来源记录存在；公开表述待签核,"[""宣传性判断、未经复核的规模和行业地位""]",https://bocang.oss-cn-shenzhen.aliyuncs.com/upload/articles/2021-03/605564e2e6805_thumb.JPG,12,source_markdown_available,needs_review,inventory_needs_evidence,"[""dedicated_evidence_missing"", ""public_claim_signoff""]","[""内容负责人"", ""业务负责人""]",HELP-164,2021-03-20
help-165,165,2021光亚展 | 钜豪邀您打卡！,mall_sql_jh_articles+knowledge_base_markdown,jh_articles.articleId=165,商城系统/帮助文章/2021光亚展  钜豪邀您打卡！_165.md,b12abb9a35592dbf19167667a38a41b3de4d8d4848e2807b9a4201ca4360e07d,公司新闻,company_dynamic,company_news_record,1,1,2021-07-31 14:26:52,inventory_only,,[],company_event,来源记录存在；公开表述待签核,"[""宣传性判断、未经复核的规模和行业地位""]",https://bocang.oss-cn-shenzhen.aliyuncs.com/upload/articles/2021-07/6104ebd03b9ec_thumb.jpg,2,source_markdown_available,needs_review,inventory_needs_evidence,"[""dedicated_evidence_missing"", ""public_claim_signoff""]","[""内容负责人"", ""业务负责人""]",HELP-165,2021-07-31
help-166,166,光亚展 | 钜豪开启智能家居技术与商业发展新征程,mall_sql_jh_articles+knowledge_base_markdown,jh_articles.articleId=166,商城系统/帮助文章/光亚展  钜豪开启智能家居技术与商业发展新征程_166.md,32b4b15c52f91728e238a46e5901c45b23f9969413b74e5999bc20fcb9d26141,公司新闻,smart_capability,smart_capability_record,1,1,2021-08-07 11:31:27,inventory_only,,[],technical_capability,来源记录存在；公开表述待签核,"[""协议、兼容范围、部署条件与售后边界""]",https://bocang.oss-cn-shenzhen.aliyuncs.com/upload/articles/2021-08/610dfb0b1d45a_thumb.JPG,18,source_markdown_available,needs_review,inventory_needs_evidence,"[""dedicated_evidence_missing"", ""public_claim_signoff""]","[""内容负责人"", ""业务负责人""]",HELP-166,2021-08-07
help-167,167,光之荣耀 | 钜豪喜获智能照明“年度影响力品牌”创新奖,mall_sql_jh_articles+knowledge_base_markdown,jh_articles.articleId=167,商城系统/帮助文章/光之荣耀  钜豪喜获智能照明“年度影响力品牌”创新奖_167.md,d660cb6ebdf4ace92b5c0bff7f901731d828267d79a6ce247fa9204ba1c1c9da,公司新闻,honor,honor_source_record,1,1,2021-08-09 10:41:17,embedded_reference,/about/history,"[""/about/history""]",honor_claim,来源记录存在；公开表述待签核,"[""证书原件、授予方、日期与获奖主体""]",https://bocang.oss-cn-shenzhen.aliyuncs.com/upload/articles/2021-08/6110950392b7e_thumb.jpg,4,source_markdown_available,needs_review,routed_private_needs_signoff,"[""public_claim_signoff"", ""media_selection_required""]","[""内容负责人"", ""业务负责人""]",HELP-167,2021-08-09
help-168,168,“转型升级，智变融生”钜豪2021秋季新品订货会圆满成功,mall_sql_jh_articles+knowledge_base_markdown,jh_articles.articleId=168,商城系统/帮助文章/“转型升级，智变融生”钜豪2021秋季新品订货会圆满成功_168.md,a1dd9d47b190457ef4a18f5375beb9abb90d7e4a02b7e2f1538777a5fd59093c,公司新闻,company_dynamic,company_news_record,1,1,2021-09-14 11:36:58,inventory_only,,[],company_event,来源记录存在；公开表述待签核,"[""宣传性判断、未经复核的规模和行业地位""]",https://bocang.oss-cn-shenzhen.aliyuncs.com/upload/articles/2021-09/614016268fe08_thumb.jpg,13,source_markdown_available,needs_review,inventory_needs_evidence,"[""dedicated_evidence_missing"", ""public_claim_signoff""]","[""内容负责人"", ""业务负责人""]",HELP-168,2021-09-14
help-169,169,独具匠“芯”，品质照明！,mall_sql_jh_articles+knowledge_base_markdown,jh_articles.articleId=169,商城系统/帮助文章/独具匠“芯”，品质照明！_169.md,733ecbe1ef173444d71bec5b48869b6503c2500e747b748c9727f6080aa156c5,公司新闻,product_topic,product_topic_record,1,1,2021-10-08 14:59:11,inventory_only,,[],product_topic,来源记录存在；公开表述待签核,"[""具体型号、参数、库存、价格与适用结论""]",https://bocang.oss-cn-shenzhen.aliyuncs.com/upload/articles/2021-10/615fea204f790_thumb.jpg,8,source_markdown_available,needs_review,inventory_needs_evidence,"[""dedicated_evidence_missing"", ""public_claim_signoff""]","[""内容负责人"", ""业务负责人""]",HELP-169,2021-10-08
help-170,170,钜豪智慧家庭,mall_sql_jh_articles+knowledge_base_markdown,jh_articles.articleId=170,商城系统/帮助文章/钜豪智慧家庭_170.md,c382b0225821ffb89e75b29827a2e5024a7f8dce98ebedb38acea593e7e84bd0,宣传视频,video_asset,missing_video_payload,1,1,2021-11-09 17:44:52,inventory_only,,[],video_asset,来源记录存在；公开表述待签核,"[""视频文件、画面权利与内容事实""]",https://bocang.oss-cn-shenzhen.aliyuncs.com/upload/articles/2021-11/618a431216b0c_thumb.png,0,missing_supporting_file,needs_review,blocked_missing_payload,"[""supporting_file_missing"", ""content_facts_not_reviewed""]","[""内容负责人"", ""技术负责人""]",HELP-170,2021-11-09
help-171,171,高光时刻！钜豪荣获“光明奖”三大奖项！,mall_sql_jh_articles+knowledge_base_markdown,jh_articles.articleId=171,商城系统/帮助文章/高光时刻！钜豪荣获“光明奖”三大奖项！_171.md,7cc47b07b80ac1a9cfea3fcd3e287e4a432caf37004fd6fa5e44a5fef9f041c3,公司新闻,honor,honor_source_record,1,1,2021-12-09 09:48:10,inventory_only,,[],honor_claim,来源记录存在；公开表述待签核,"[""证书原件、授予方、日期与获奖主体""]",https://bocang.oss-cn-shenzhen.aliyuncs.com/upload/articles/2021-12/61b15d9bd16c2_thumb.jpg,6,source_markdown_available,needs_review,inventory_needs_evidence,"[""dedicated_evidence_missing"", ""public_claim_signoff""]","[""内容负责人"", ""业务负责人"", ""品牌负责人""]",HELP-171,2021-12-09
help-172,172,开局喜人，未来可期！钜豪2022年春季新品订货会圆满举行！,mall_sql_jh_articles+knowledge_base_markdown,jh_articles.articleId=172,商城系统/帮助文章/开局喜人，未来可期！钜豪2022年春季新品订货会圆满举行！_172.md,ab502b0c04f006a2e03eb1b5ba896346dc5b0f4eaf502731f0f8a8fbd44e61da,公司新闻,company_dynamic,company_news_record,1,1,2022-03-12 09:52:28,inventory_only,,[],company_event,来源记录存在；公开表述待签核,"[""宣传性判断、未经复核的规模和行业地位""]",https://bocang.oss-cn-shenzhen.aliyuncs.com/upload/articles/2022-03/622bfb0835c0e_thumb.JPG,8,source_markdown_available,needs_review,inventory_needs_evidence,"[""dedicated_evidence_missing"", ""public_claim_signoff""]","[""内容负责人"", ""业务负责人""]",HELP-172,2022-03-12
help-173,173,钜豪智慧家G系列19键遥控器的配对应用,mall_sql_jh_articles+knowledge_base_markdown,jh_articles.articleId=173,商城系统/帮助文章/钜豪智慧家G系列19键遥控器的配对应用_173.md,acee579a1a31492836fc9ae9311f3aea6f39d8a01158347d2b7e7b8da05c0415,钜豪G系列培训教程,smart_tutorial,missing_tutorial_payload,1,1,2022-06-02 17:25:47,inventory_only,,[],tutorial_asset,来源记录存在；公开表述待签核,"[""教程文件、适用设备和操作版本""]",https://bocang.oss-cn-shenzhen.aliyuncs.com/upload/articles/2022-06/62988216a9768_thumb.jpg,0,missing_supporting_file,needs_review,blocked_missing_payload,"[""supporting_file_missing"", ""content_facts_not_reviewed""]","[""内容负责人"", ""技术负责人""]",HELP-173,2022-06-02
help-174,174,钜豪智慧家G系列八键情景面板的配对应用,mall_sql_jh_articles+knowledge_base_markdown,jh_articles.articleId=174,商城系统/帮助文章/钜豪智慧家G系列八键情景面板的配对应用_174.md,458c3f2edb8f27431ad32735ab4803358d50199b2db344f4eaea7dd86ee8d611,钜豪G系列培训教程,smart_tutorial,missing_tutorial_payload,1,1,2022-06-02 17:27:10,inventory_only,,[],tutorial_asset,来源记录存在；公开表述待签核,"[""教程文件、适用设备和操作版本""]",https://bocang.oss-cn-shenzhen.aliyuncs.com/upload/articles/2022-06/6298826b06128_thumb.jpg,0,missing_supporting_file,needs_review,blocked_missing_payload,"[""supporting_file_missing"", ""content_facts_not_reviewed""]","[""内容负责人"", ""技术负责人""]",HELP-174,2022-06-02
help-175,175,钜豪智慧家G系列情景联动的设置应用,mall_sql_jh_articles+knowledge_base_markdown,jh_articles.articleId=175,商城系统/帮助文章/钜豪智慧家G系列情景联动的设置应用_175.md,6a66a9daab90502387a898315ffdddadb18dfbfb32fc60296dd45c1c8c0ef88e,钜豪G系列培训教程,smart_tutorial,missing_tutorial_payload,1,1,2022-06-02 17:27:56,inventory_only,,[],tutorial_asset,来源记录存在；公开表述待签核,"[""教程文件、适用设备和操作版本""]",https://bocang.oss-cn-shenzhen.aliyuncs.com/upload/articles/2022-06/62988299e5f43_thumb.jpg,0,missing_supporting_file,needs_review,blocked_missing_payload,"[""supporting_file_missing"", ""content_facts_not_reviewed""]","[""内容负责人"", ""技术负责人""]",HELP-175,2022-06-02
help-176,176,钜豪智慧家G系列系列窗帘的配对应用,mall_sql_jh_articles+knowledge_base_markdown,jh_articles.articleId=176,商城系统/帮助文章/钜豪智慧家G系列系列窗帘的配对应用_176.md,99cc806160debfa950f358628df6f8797b386ab4aaa42ca7410fd4b58529af92,钜豪G系列培训教程,smart_tutorial,missing_tutorial_payload,1,1,2022-06-02 17:28:56,inventory_only,,[],tutorial_asset,来源记录存在；公开表述待签核,"[""教程文件、适用设备和操作版本""]",https://bocang.oss-cn-shenzhen.aliyuncs.com/upload/articles/2022-06/629882d19a295_thumb.jpg,0,missing_supporting_file,needs_review,blocked_missing_payload,"[""supporting_file_missing"", ""content_facts_not_reviewed""]","[""内容负责人"", ""技术负责人""]",HELP-176,2022-06-02
help-177,177,钜豪智慧家G系列智能语音面板的配对与应用,mall_sql_jh_articles+knowledge_base_markdown,jh_articles.articleId=177,商城系统/帮助文章/钜豪智慧家G系列智能语音面板的配对与应用_177.md,26eb926f6fa661eb517d4b59db590f732f7dc08b171f678fd13f4ea6f4d4451d,钜豪G系列培训教程,smart_tutorial,missing_tutorial_payload,1,1,2022-06-02 17:30:07,inventory_only,,[],tutorial_asset,来源记录存在；公开表述待签核,"[""教程文件、适用设备和操作版本""]",https://bocang.oss-cn-shenzhen.aliyuncs.com/upload/articles/2022-06/629883182f5c8_thumb.jpg,0,missing_supporting_file,needs_review,blocked_missing_payload,"[""supporting_file_missing"", ""content_facts_not_reviewed""]","[""内容负责人"", ""技术负责人""]",HELP-177,2022-06-02
help-178,178,钜豪智慧家G系列智能语音与电视的配对,mall_sql_jh_articles+knowledge_base_markdown,jh_articles.articleId=178,商城系统/帮助文章/钜豪智慧家G系列智能语音与电视的配对_178.md,2f29d3b82e3b0eeb2c2cd32ec3a0270643d144e693a08eb834c074aa501df47f,钜豪G系列培训教程,smart_tutorial,missing_tutorial_payload,1,1,2022-06-02 17:31:10,inventory_only,,[],tutorial_asset,来源记录存在；公开表述待签核,"[""教程文件、适用设备和操作版本""]",https://bocang.oss-cn-shenzhen.aliyuncs.com/upload/articles/2022-06/6298835ca0b33_thumb.jpg,0,missing_supporting_file,needs_review,blocked_missing_payload,"[""supporting_file_missing"", ""content_facts_not_reviewed""]","[""内容负责人"", ""技术负责人""]",HELP-178,2022-06-02
help-179,179,钜豪智慧家G系列智能语音与空调的配对,mall_sql_jh_articles+knowledge_base_markdown,jh_articles.articleId=179,商城系统/帮助文章/钜豪智慧家G系列智能语音与空调的配对_179.md,f81dddf8879d98dc3faa8bcbe0fa5638fa0dfeb40c3423176870d930d945763c,钜豪G系列培训教程,smart_tutorial,missing_tutorial_payload,1,1,2022-06-02 17:35:22,inventory_only,,[],tutorial_asset,来源记录存在；公开表述待签核,"[""教程文件、适用设备和操作版本""]",https://bocang.oss-cn-shenzhen.aliyuncs.com/upload/articles/2022-06/62988457cc356_thumb.jpg,0,missing_supporting_file,needs_review,blocked_missing_payload,"[""supporting_file_missing"", ""content_facts_not_reviewed""]","[""内容负责人"", ""技术负责人""]",HELP-179,2022-06-02
help-180,180,点亮智慧校园，钜豪照明全力布局智慧教育照明！,mall_sql_jh_articles+knowledge_base_markdown,jh_articles.articleId=180,商城系统/帮助文章/点亮智慧校园，钜豪照明全力布局智慧教育照明！_180.md,b9a72a9fdf7e626a2fcb7549f6c3cf46f74e66cf2b4c26e3159c0f3273bb77f2,公司新闻,smart_capability,smart_capability_record,1,1,2022-08-22 15:27:25,inventory_only,,[],technical_capability,来源记录存在；公开表述待签核,"[""协议、兼容范围、部署条件与售后边界""]",https://bocang.oss-cn-shenzhen.aliyuncs.com/upload/articles/2022-08/63032f785d472_thumb.jpg,5,source_markdown_available,needs_review,inventory_needs_evidence,"[""dedicated_evidence_missing"", ""public_claim_signoff""]","[""内容负责人"", ""业务负责人""]",HELP-180,2022-08-22
help-181,181,喜讯 | 钜豪中标宁波国际会议中心,mall_sql_jh_articles+knowledge_base_markdown,jh_articles.articleId=181,商城系统/帮助文章/喜讯  钜豪中标宁波国际会议中心_181.md,cf5b36c377bbbff3cfd1c57aad080b9de28d447927f2e820e49cf94702f5d14a,公司新闻,project,project_record,1,1,2022-08-22 15:39:35,inventory_only,,[],project_stage,来源记录存在；后续实施状态待证,"[""施工、供货、交付和完工状态"", ""最终产品清单和成果数据""]",https://bocang.oss-cn-shenzhen.aliyuncs.com/upload/articles/2022-08/6303321e26fa2_thumb.jpeg,6,source_markdown_available,needs_review,inventory_needs_evidence,"[""dedicated_evidence_missing"", ""public_claim_signoff""]","[""内容负责人"", ""业务负责人""]",HELP-181,2022-08-22
help-182,182,钜豪案例 | 三江九月酒店,mall_sql_jh_articles+knowledge_base_markdown,jh_articles.articleId=182,商城系统/帮助文章/钜豪案例  三江九月酒店_182.md,95cab6a347f428a7f78767429d720fd69cf171cac63acd85d791f55c0ec3e184,公司新闻,project,project_record,1,1,2022-08-22 15:49:56,inventory_only,,[],project_stage,来源记录存在；后续实施状态待证,"[""施工、供货、交付和完工状态"", ""最终产品清单和成果数据""]",https://bocang.oss-cn-shenzhen.aliyuncs.com/upload/articles/2022-08/6303353447f07_thumb.jpg,10,source_markdown_available,needs_review,inventory_needs_evidence,"[""dedicated_evidence_missing"", ""public_claim_signoff""]","[""内容负责人"", ""业务负责人""]",HELP-182,2022-08-22
help-183,183,喜讯 | 钜豪照明中标陕西榆林胜利大酒店,mall_sql_jh_articles+knowledge_base_markdown,jh_articles.articleId=183,商城系统/帮助文章/喜讯  钜豪照明中标陕西榆林胜利大酒店_183.md,46f5e74f7b3db8e6db6f08e15aa7280b3e0f5ffd93eea1ddf22e8e1702907ec9,公司新闻,project,project_record,1,1,2022-08-22 16:02:14,inventory_only,,[],project_stage,来源记录存在；后续实施状态待证,"[""施工、供货、交付和完工状态"", ""最终产品清单和成果数据""]",https://bocang.oss-cn-shenzhen.aliyuncs.com/upload/articles/2022-08/630336d70316a_thumb.jpg,14,source_markdown_available,needs_review,inventory_needs_evidence,"[""dedicated_evidence_missing"", ""public_claim_signoff""]","[""内容负责人"", ""业务负责人""]",HELP-183,2022-08-22
help-184,184,钜豪照明连续五年蝉联中国灯饰照明行业领袖品牌,mall_sql_jh_articles+knowledge_base_markdown,jh_articles.articleId=184,商城系统/帮助文章/钜豪照明连续五年蝉联中国灯饰照明行业领袖品牌_184.md,e8df33008a8981afd4b1aa4e38dda2c5971d6132a3626b39e569e82abdc62a16,公司新闻,honor,honor_source_record,1,1,2022-08-22 16:09:44,embedded_reference,/about/history,"[""/about/history""]",honor_claim,来源记录存在；公开表述待签核,"[""证书原件、授予方、日期与获奖主体""]",https://bocang.oss-cn-shenzhen.aliyuncs.com/upload/articles/2022-08/630339154456d_thumb.jpg,4,source_markdown_available,needs_review,routed_private_needs_signoff,"[""public_claim_signoff"", ""media_selection_required""]","[""内容负责人"", ""业务负责人""]",HELP-184,2022-08-22
help-185,185,喜讯 | 中山市企业知识产权保护流动工作室落户钜豪照明,mall_sql_jh_articles+knowledge_base_markdown,jh_articles.articleId=185,商城系统/帮助文章/喜讯  中山市企业知识产权保护流动工作室落户钜豪照明_185.md,07338677de3355183063022856cacd417be2cbaa79e9bff757f69026273d5e0a,公司新闻,honor,honor_source_record,1,1,2022-08-22 16:15:23,embedded_reference,/about/history,"[""/about/history""]",honor_claim,来源记录存在；公开表述待签核,"[""证书原件、授予方、日期与获奖主体""]",https://bocang.oss-cn-shenzhen.aliyuncs.com/upload/articles/2022-08/63033ae6b8ac1_thumb.jpg,3,source_markdown_available,needs_review,routed_private_needs_signoff,"[""public_claim_signoff"", ""media_selection_required""]","[""内容负责人"", ""业务负责人""]",HELP-185,2022-08-22
help-186,186,喜讯 | 钜豪照明中标三亚茅台酒店,mall_sql_jh_articles+knowledge_base_markdown,jh_articles.articleId=186,商城系统/帮助文章/喜讯  钜豪照明中标三亚茅台酒店_186.md,04bec80db3eb10edfb182d52f2f0fbf0a582c5b206f69676954408bfe12c826e,公司新闻,project,project_record,1,1,2022-08-22 16:26:15,inventory_only,,[],project_stage,来源记录存在；后续实施状态待证,"[""施工、供货、交付和完工状态"", ""最终产品清单和成果数据""]",https://bocang.oss-cn-shenzhen.aliyuncs.com/upload/articles/2022-08/63033cc0c57d7_thumb.jpg,10,source_markdown_available,needs_review,inventory_needs_evidence,"[""dedicated_evidence_missing"", ""public_claim_signoff""]","[""内容负责人"", ""业务负责人""]",HELP-186,2022-08-22
help-187,187,喜讯 | 钜豪照明中标太原万达锦华酒店,mall_sql_jh_articles+knowledge_base_markdown,jh_articles.articleId=187,商城系统/帮助文章/喜讯  钜豪照明中标太原万达锦华酒店_187.md,fd0e29f6ac650ec8e8e08a9fcf2d024918d4413315cfbb7c7384156c87e966d6,公司新闻,project,project_record,1,1,2022-08-22 16:30:55,inventory_only,,[],project_stage,来源记录存在；后续实施状态待证,"[""施工、供货、交付和完工状态"", ""最终产品清单和成果数据""]",https://bocang.oss-cn-shenzhen.aliyuncs.com/upload/articles/2022-08/63033e69d37b6_thumb.jpg,4,source_markdown_available,needs_review,inventory_needs_evidence,"[""dedicated_evidence_missing"", ""public_claim_signoff""]","[""内容负责人"", ""业务负责人""]",HELP-187,2022-08-22
help-188,188,脚踏实地，卯劲前行 | 2023钜豪春季新品订货会圆满成功,mall_sql_jh_articles+knowledge_base_markdown,jh_articles.articleId=188,商城系统/帮助文章/脚踏实地，卯劲前行  2023钜豪春季新品订货会圆满成功_188.md,5ddaa69aefa083e9446c4bb9700c5cce2a1ad1cb412714c13d5dd404f0c5c29d,公司新闻,company_dynamic,company_news_record,1,1,2023-04-04 17:12:52,embedded_reference,/about/history,"[""/about/history""]",company_event,来源记录存在；公开表述待签核,"[""宣传性判断、未经复核的规模和行业地位""]",https://bocang.oss-cn-shenzhen.aliyuncs.com/upload/articles/2023-04/642be7d8908a4_thumb.JPG,16,source_markdown_available,needs_review,routed_private_needs_signoff,"[""public_claim_signoff"", ""media_selection_required""]","[""内容负责人"", ""业务负责人""]",HELP-188,2023-04-04
help-189,189,喜讯 | 钜豪照明中标西安紫锦酒店,mall_sql_jh_articles+knowledge_base_markdown,jh_articles.articleId=189,商城系统/帮助文章/喜讯  钜豪照明中标西安紫锦酒店_189.md,dc4ab8eaeaef9f460f3cb4eb2ea385f3f2da5ad53e4a1088eb5ff2c89914b741,公司新闻,project,project_record,1,1,2023-07-29 10:02:42,inventory_only,,[],project_stage,来源记录存在；后续实施状态待证,"[""施工、供货、交付和完工状态"", ""最终产品清单和成果数据""]",https://bocang.oss-cn-shenzhen.aliyuncs.com/upload/articles/2023-07/64c471e9b0fab_thumb.jpg,9,source_markdown_available,needs_review,inventory_needs_evidence,"[""dedicated_evidence_missing"", ""public_claim_signoff""]","[""内容负责人"", ""业务负责人""]",HELP-189,2023-07-29
help-190,190,喜讯 | 钜豪照明中标珠海瑰宝酒店,mall_sql_jh_articles+knowledge_base_markdown,jh_articles.articleId=190,商城系统/帮助文章/喜讯  钜豪照明中标珠海瑰宝酒店_190.md,01ea7ea5532478001a1281186e384e5ba2e009afbfeebf7c44d9767dbcc7744c,公司新闻,project,project_record,1,1,2023-07-29 10:18:21,inventory_only,,[],project_stage,来源记录存在；后续实施状态待证,"[""施工、供货、交付和完工状态"", ""最终产品清单和成果数据""]",https://bocang.oss-cn-shenzhen.aliyuncs.com/upload/articles/2023-07/64c474b2283f8_thumb.jpg,16,source_markdown_available,needs_review,inventory_needs_evidence,"[""dedicated_evidence_missing"", ""public_claim_signoff""]","[""内容负责人"", ""业务负责人""]",HELP-190,2023-07-29
help-191,191,喜讯 | 钜豪照明中标上海世博中心酒店,mall_sql_jh_articles+knowledge_base_markdown,jh_articles.articleId=191,商城系统/帮助文章/喜讯  钜豪照明中标上海世博中心酒店_191.md,43f7efe0511820b4d92af01b01a0d3be20008927980ac81816eda167312bdd19,公司新闻,project,project_record,1,1,2023-07-29 10:25:05,inventory_only,,[],project_stage,来源记录存在；后续实施状态待证,"[""施工、供货、交付和完工状态"", ""最终产品清单和成果数据""]",https://bocang.oss-cn-shenzhen.aliyuncs.com/upload/articles/2023-07/64c4786ad21bb_thumb.png,7,source_markdown_available,needs_review,inventory_needs_evidence,"[""dedicated_evidence_missing"", ""public_claim_signoff""]","[""内容负责人"", ""业务负责人""]",HELP-191,2023-07-29
help-192,192,从心向上 智见未来 | 钜豪2024年春季优秀经销商会圆满成功,mall_sql_jh_articles+knowledge_base_markdown,jh_articles.articleId=192,商城系统/帮助文章/从心向上 智见未来  钜豪2024年春季优秀经销商会圆满成功_192.md,7b79615a14a2d98d27265d5bc2c676a2004670d2e093b87e933478a504118cb1,公司新闻,company_dynamic,company_news_record,1,1,2024-03-19 11:48:52,embedded_reference,/about/history,"[""/about/history""]",company_event,来源记录存在；公开表述待签核,"[""宣传性判断、未经复核的规模和行业地位""]",https://bocang.oss-cn-shenzhen.aliyuncs.com/upload/articles/2024-03/65f9062e02eb2_thumb.JPG,10,source_markdown_available,needs_review,routed_private_needs_signoff,"[""public_claim_signoff"", ""media_selection_required""]","[""内容负责人"", ""业务负责人""]",HELP-192,2024-03-19
help-193,193,喜讯 | 钜豪照明助力亚洲第一大站——广州白云站,mall_sql_jh_articles+knowledge_base_markdown,jh_articles.articleId=193,商城系统/帮助文章/喜讯  钜豪照明助力亚洲第一大站——广州白云站_193.md,e4e9270c28c95cb51c37a4d6ea51d3ae0d2ba47fb0bc1859f459aadbadfb503e,公司新闻,project,project_record,1,1,2024-04-08 11:40:58,inventory_only,,[],project_stage,来源记录存在；后续实施状态待证,"[""施工、供货、交付和完工状态"", ""最终产品清单和成果数据""]",https://bocang.oss-cn-shenzhen.aliyuncs.com/upload/articles/2024-04/661367669e496_thumb.jpg,9,source_markdown_available,needs_review,inventory_needs_evidence,"[""dedicated_evidence_missing"", ""public_claim_signoff""]","[""内容负责人"", ""业务负责人""]",HELP-193,2024-04-08
help-194,194,喜讯 | 钜豪照明中标上海西郊宾馆,mall_sql_jh_articles+knowledge_base_markdown,jh_articles.articleId=194,商城系统/帮助文章/喜讯  钜豪照明中标上海西郊宾馆_194.md,b04be66e7963cce54c0b04a532a1561294ec03625312aedb8a566697d18e315c,公司新闻,project,project_record,1,1,2024-05-30 14:35:45,inventory_only,,[],project_stage,来源记录存在；后续实施状态待证,"[""施工、供货、交付和完工状态"", ""最终产品清单和成果数据""]",https://bocang.oss-cn-shenzhen.aliyuncs.com/upload/articles/2024-05/66581d75c5856_thumb.png,5,source_markdown_available,needs_review,inventory_needs_evidence,"[""dedicated_evidence_missing"", ""public_claim_signoff""]","[""内容负责人"", ""业务负责人""]",HELP-194,2024-05-30
help-195,195,喜讯 | 钜豪照明中标上海·海上世界酒店,mall_sql_jh_articles+knowledge_base_markdown,jh_articles.articleId=195,商城系统/帮助文章/喜讯  钜豪照明中标上海·海上世界酒店_195.md,7a0040bcb3c0981034a5ac1a47ebfdbf5f46af616c49e3a787a7e4680f765211,公司新闻,project,project_record,1,1,2024-05-30 15:00:09,inventory_only,,[],project_stage,来源记录存在；后续实施状态待证,"[""施工、供货、交付和完工状态"", ""最终产品清单和成果数据""]",https://bocang.oss-cn-shenzhen.aliyuncs.com/upload/articles/2024-05/665822eac4d41_thumb.jpg,11,source_markdown_available,needs_review,inventory_needs_evidence,"[""dedicated_evidence_missing"", ""public_claim_signoff""]","[""内容负责人"", ""业务负责人""]",HELP-195,2024-05-30
help-196,196,七星系列射灯IES文件,mall_sql_jh_articles+knowledge_base_markdown,jh_articles.articleId=196,商城系统/帮助文章/七星系列射灯IES文件_196.md,af55d689932cde4e52e2e53687c8dc9888514275f575214097f809980261355e,IES文件下载,ies_asset,missing_photometric_payload,1,1,2024-08-30 17:54:04,inventory_only,,[],photometric_asset,来源记录存在；公开表述待签核,"[""配光文件、对应型号和测试条件""]",https://bocang.oss-cn-shenzhen.aliyuncs.com/upload/articles/2024-12/6757e9585b384_thumb.png,0,missing_supporting_file,needs_review,blocked_missing_payload,"[""supporting_file_missing"", ""content_facts_not_reviewed""]","[""内容负责人"", ""技术负责人""]",HELP-196,2024-08-30
help-197,197,钜豪照明两线1实体,mall_sql_jh_articles+knowledge_base_markdown,jh_articles.articleId=197,商城系统/帮助文章/钜豪照明两线1实体_197.md,599ec179433eb13fba4fcdee1907b9e4be398effc061674395a28c2c57292ed8,两线1实体,company_dynamic,company_news_record,1,1,2024-09-09 16:44:33,inventory_only,,[],company_event,来源记录存在；公开表述待签核,"[""宣传性判断、未经复核的规模和行业地位""]",https://bocang.oss-cn-shenzhen.aliyuncs.com/upload/articles/2024-09/66deb55f86c7a_thumb.png,1,source_markdown_available,needs_review,inventory_needs_evidence,"[""dedicated_evidence_missing"", ""public_claim_signoff""]","[""内容负责人"", ""业务负责人""]",HELP-197,2024-09-09
help-199,199,喜讯 | 钜豪照明助力“邢台第一高”——邢台金融中心,mall_sql_jh_articles+knowledge_base_markdown,jh_articles.articleId=199,商城系统/帮助文章/喜讯  钜豪照明助力“邢台第一高”——邢台金融中心_199.md,da25e9de134a6da4672cbebcc87bd715e6f3f3a1bfb68f353819deab141ca57a,公司新闻,project,project_record,1,1,2024-12-03 09:25:01,dedicated_route,/cases/xingtai-financial-center,[],project_stage,来源记录存在；后续实施状态待证,"[""施工、供货、交付和完工状态"", ""最终产品清单和成果数据""]",https://bocang.oss-cn-shenzhen.aliyuncs.com/upload/articles/2024-12/674e5de79c8ba_thumb.jpg,15,source_markdown_available,needs_review,routed_private_needs_signoff,"[""public_claim_signoff"", ""media_selection_required""]","[""内容负责人"", ""业务负责人""]",HELP-199,2024-12-03
help-200,200,喜讯 | 钜豪照明中标远安双泉山庄精品度假酒店,mall_sql_jh_articles+knowledge_base_markdown,jh_articles.articleId=200,商城系统/帮助文章/喜讯  钜豪照明中标远安双泉山庄精品度假酒店_200.md,a37168351d270e6617fff765e9be1972d5fd412b92bd0602fcd713864416fac3,公司新闻,project,project_record,1,1,2024-12-03 09:42:32,inventory_only,,[],project_stage,来源记录存在；后续实施状态待证,"[""施工、供货、交付和完工状态"", ""最终产品清单和成果数据""]",https://bocang.oss-cn-shenzhen.aliyuncs.com/upload/articles/2024-12/674e62029875f_thumb.jpg,15,source_markdown_available,needs_review,inventory_needs_evidence,"[""dedicated_evidence_missing"", ""public_claim_signoff""]","[""内容负责人"", ""业务负责人""]",HELP-200,2024-12-03
help-201,201,七星系列线型灯IES文件,mall_sql_jh_articles+knowledge_base_markdown,jh_articles.articleId=201,商城系统/帮助文章/七星系列线型灯IES文件_201.md,40d561ce08424418ddd605421eeed0282112ea922d79d150ec234a6f223ea9d4,IES文件下载,ies_asset,missing_photometric_payload,1,1,2024-12-10 15:20:25,inventory_only,,[],photometric_asset,来源记录存在；公开表述待签核,"[""配光文件、对应型号和测试条件""]",https://bocang.oss-cn-shenzhen.aliyuncs.com/upload/articles/2024-12/6757ebaaddfb0_thumb.png,0,missing_supporting_file,needs_review,blocked_missing_payload,"[""supporting_file_missing"", ""content_facts_not_reviewed""]","[""内容负责人"", ""技术负责人""]",HELP-201,2024-12-10
help-203,203,逐光系列IES文件,mall_sql_jh_articles+knowledge_base_markdown,jh_articles.articleId=203,商城系统/帮助文章/逐光系列IES文件_203.md,0e851beb674a192107e05258e4494bd5c19f5583ad85789e485c753e236a58ca,IES文件下载,ies_asset,missing_photometric_payload,1,1,2024-12-24 14:17:29,inventory_only,,[],photometric_asset,来源记录存在；公开表述待签核,"[""配光文件、对应型号和测试条件""]",https://bocang.oss-cn-shenzhen.aliyuncs.com/upload/articles/2024-12/676a51109b9a8_thumb.png,0,missing_supporting_file,needs_review,blocked_missing_payload,"[""supporting_file_missing"", ""content_facts_not_reviewed""]","[""内容负责人"", ""技术负责人""]",HELP-203,2024-12-24
help-204,204,喜讯 | 钜豪照明助力香山会议中心,mall_sql_jh_articles+knowledge_base_markdown,jh_articles.articleId=204,商城系统/帮助文章/喜讯  钜豪照明助力香山会议中心_204.md,8ec0e276adde0ad7c54b931cd1b9185572af0493bed711705954d54bec81bd91,公司新闻,project,project_record,1,1,2025-01-11 13:51:46,inventory_only,,[],project_stage,来源记录存在；后续实施状态待证,"[""施工、供货、交付和完工状态"", ""最终产品清单和成果数据""]",https://bocang.oss-cn-shenzhen.aliyuncs.com/upload/articles/2025-01/678205430d049_thumb.jpg,8,source_markdown_available,needs_review,inventory_needs_evidence,"[""dedicated_evidence_missing"", ""public_claim_signoff""]","[""内容负责人"", ""业务负责人""]",HELP-204,2025-01-11
help-205,205,“逐光而行 ·智向未来”2025钜豪照明春季新品订货会圆满召开！,mall_sql_jh_articles+knowledge_base_markdown,jh_articles.articleId=205,商城系统/帮助文章/“逐光而行 ·智向未来”2025钜豪照明春季新品订货会圆满召开！_205.md,ec3560f0b1ea71ca55e0271222d5e0d80268ebbf045f1a920aee6578d85df250,公司新闻,company_dynamic,company_news_record,1,1,2025-03-03 14:59:33,embedded_reference,/about/history,"[""/about/history""]",company_event,来源记录存在；公开表述待签核,"[""宣传性判断、未经复核的规模和行业地位""]",https://bocang.oss-cn-shenzhen.aliyuncs.com/upload/articles/2025-03/67c5506471c93_thumb.JPG,18,source_markdown_available,needs_review,routed_private_needs_signoff,"[""public_claim_signoff"", ""media_selection_required""]","[""内容负责人"", ""业务负责人""]",HELP-205,2025-03-03
help-206,206,喜讯 | 钜豪照明中标银川诺富特酒店！,mall_sql_jh_articles+knowledge_base_markdown,jh_articles.articleId=206,商城系统/帮助文章/喜讯  钜豪照明中标银川诺富特酒店！_206.md,b3e65fd6e92f10271d3321566dcf96412702d31bf86c457e6c730419a990d28a,公司新闻,project,project_record,1,1,2025-03-11 14:21:16,inventory_only,,[],project_stage,来源记录存在；后续实施状态待证,"[""施工、供货、交付和完工状态"", ""最终产品清单和成果数据""]",https://bocang.oss-cn-shenzhen.aliyuncs.com/upload/articles/2025-03/67cfd517d9dd9_thumb.jpg,11,source_markdown_available,needs_review,inventory_needs_evidence,"[""dedicated_evidence_missing"", ""public_claim_signoff""]","[""内容负责人"", ""业务负责人""]",HELP-206,2025-03-11
help-207,207,喜讯 | 钜豪照明中标“乡根一夜温泉度假酒店、洲际假日酒店、洲际英迪格酒店”！,mall_sql_jh_articles+knowledge_base_markdown,jh_articles.articleId=207,商城系统/帮助文章/喜讯  钜豪照明中标“乡根一夜温泉度假酒店、洲际假日酒店、洲际英迪格酒店”！_207.md,d8f2dee71e72758f9b0a8b5863a1e74f06bd15517101c90dd429b6f96e8529e4,公司新闻,project,project_record,1,1,2025-04-25 15:20:27,inventory_only,,[],project_stage,来源记录存在；后续实施状态待证,"[""施工、供货、交付和完工状态"", ""最终产品清单和成果数据""]",https://bocang.oss-cn-shenzhen.aliyuncs.com/upload/articles/2025-04/680b3647ab45f_thumb.png,10,source_markdown_available,needs_review,inventory_needs_evidence,"[""dedicated_evidence_missing"", ""public_claim_signoff""]","[""内容负责人"", ""业务负责人""]",HELP-207,2025-04-25
help-208,208,喜讯 | 钜豪照明中标常州华耀酒店！,mall_sql_jh_articles+knowledge_base_markdown,jh_articles.articleId=208,商城系统/帮助文章/喜讯  钜豪照明中标常州华耀酒店！_208.md,5980c12ace19f579da1e92c28645f57f8597b8e394f6e5d05bca0e6ee00120ce,公司新闻,project,project_record,1,1,2025-04-25 15:31:14,inventory_only,,[],project_stage,来源记录存在；后续实施状态待证,"[""施工、供货、交付和完工状态"", ""最终产品清单和成果数据""]",https://bocang.oss-cn-shenzhen.aliyuncs.com/upload/articles/2025-04/680b3918dcdc0_thumb.jpg,10,source_markdown_available,needs_review,inventory_needs_evidence,"[""dedicated_evidence_missing"", ""public_claim_signoff""]","[""内容负责人"", ""业务负责人""]",HELP-208,2025-04-25
help-209,209,星光系列IES文件,mall_sql_jh_articles+knowledge_base_markdown,jh_articles.articleId=209,商城系统/帮助文章/星光系列IES文件_209.md,5a08510d9c4e8392cddefd1f2d8a868c775d640358cadb213ec3af3bff82a076,IES文件下载,ies_asset,missing_photometric_payload,1,1,2025-04-29 15:57:50,inventory_only,,[],photometric_asset,来源记录存在；公开表述待签核,"[""配光文件、对应型号和测试条件""]",https://bocang.oss-cn-shenzhen.aliyuncs.com/upload/articles/2025-04/68108674d164e_thumb.jpg,0,missing_supporting_file,needs_review,blocked_missing_payload,"[""supporting_file_missing"", ""content_facts_not_reviewed""]","[""内容负责人"", ""技术负责人""]",HELP-209,2025-04-29
help-210,210,喜讯 | 钜豪照明中标泰兴皇冠假日酒店！,mall_sql_jh_articles+knowledge_base_markdown,jh_articles.articleId=210,商城系统/帮助文章/喜讯  钜豪照明中标泰兴皇冠假日酒店！_210.md,acd88e79be7a97cb9f747c91cfec4acf2efa7ffad470756f8e48c86457c39b32,公司新闻,project,project_record,1,1,2025-05-20 17:00:19,inventory_only,,[],project_stage,来源记录存在；后续实施状态待证,"[""施工、供货、交付和完工状态"", ""最终产品清单和成果数据""]",https://bocang.oss-cn-shenzhen.aliyuncs.com/upload/articles/2025-05/682c43f591c59_thumb.jpg,6,source_markdown_available,needs_review,inventory_needs_evidence,"[""dedicated_evidence_missing"", ""public_claim_signoff""]","[""内容负责人"", ""业务负责人""]",HELP-210,2025-05-20
help-216,216,喜讯 | 钜豪照明中标安国盛海假日酒店！,mall_sql_jh_articles+knowledge_base_markdown,jh_articles.articleId=216,商城系统/帮助文章/喜讯  钜豪照明中标安国盛海假日酒店！_216.md,142ab3859164b1ec725c39525d92b8c41e2ae4df3c115a2389559323c9032a8f,公司新闻,project,project_record,1,1,2025-07-23 11:04:17,inventory_only,,[],project_stage,来源记录存在；后续实施状态待证,"[""施工、供货、交付和完工状态"", ""最终产品清单和成果数据""]",https://bocang.oss-cn-shenzhen.aliyuncs.com/upload/articles/2025-07/68804f1bb2f28_thumb.jpg,17,source_markdown_available,needs_review,inventory_needs_evidence,"[""dedicated_evidence_missing"", ""public_claim_signoff""]","[""内容负责人"", ""业务负责人""]",HELP-216,2025-07-23
help-217,217,喜讯 | 钜豪照明中标南雁荡山宾月花园度假酒店！,mall_sql_jh_articles+knowledge_base_markdown,jh_articles.articleId=217,商城系统/帮助文章/喜讯  钜豪照明中标南雁荡山宾月花园度假酒店！_217.md,59b9752b9f238c7f2adc216c475023891505fc49e541fef879df3cf2a97f10f6,公司新闻,project,project_record,1,1,2025-08-11 10:53:37,dedicated_route,/news/nanyandangshan-binyue-resort-hotel-bid,[],project_stage,来源记录存在；后续实施状态待证,"[""施工、供货、交付和完工状态"", ""最终产品清单和成果数据""]",https://bocang.oss-cn-shenzhen.aliyuncs.com/upload/articles/2025-08/68995ae41e0d1_thumb.jpg,20,source_markdown_available,needs_review,routed_private_needs_signoff,"[""public_claim_signoff"", ""media_selection_required""]","[""内容负责人"", ""业务负责人""]",HELP-217,2025-08-11
help-218,218,喜讯 | 钜豪照明中标大连金州皇冠假日酒店！,mall_sql_jh_articles+knowledge_base_markdown,jh_articles.articleId=218,商城系统/帮助文章/喜讯  钜豪照明中标大连金州皇冠假日酒店！_218.md,adafa276e73566b44d73e805a9035a2c86eb4b1bda5e8e37068f14f1bf5b3850,公司新闻,project,project_record,1,1,2025-08-12 09:27:23,dedicated_route,/news/dalian-jinzhou-crowne-plaza-hotel-bid,[],project_stage,来源记录存在；后续实施状态待证,"[""施工、供货、交付和完工状态"", ""最终产品清单和成果数据""]",https://bocang.oss-cn-shenzhen.aliyuncs.com/upload/articles/2025-08/689a970ca7678_thumb.jpg,10,source_markdown_available,needs_review,routed_private_needs_signoff,"[""public_claim_signoff"", ""media_selection_required""]","[""内容负责人"", ""业务负责人""]",HELP-218,2025-08-12
help-219,219,喜讯 | 钜豪照明中标昆明官渡温德姆酒店！,mall_sql_jh_articles+knowledge_base_markdown,jh_articles.articleId=219,商城系统/帮助文章/喜讯  钜豪照明中标昆明官渡温德姆酒店！_219.md,2d7b21f1611e628b87b8035e2ca3d257355d13a988e59aa3c1f48beeea778f30,公司新闻,project,project_record,1,1,2025-11-21 09:30:41,dedicated_route,/news/kunming-guandu-wyndham-hotel-bid,[],project_stage,来源记录存在；后续实施状态待证,"[""施工、供货、交付和完工状态"", ""最终产品清单和成果数据""]",https://bocang.oss-cn-shenzhen.aliyuncs.com/upload/articles/2025-11/691fc2539ef2b_thumb.jpg,14,source_markdown_available,needs_review,routed_private_needs_signoff,"[""public_claim_signoff"", ""media_selection_required""]","[""内容负责人"", ""业务负责人""]",HELP-219,2025-11-21
help-220,220,喜讯 | 钜豪照明中标扬州经开区“一河两岸”户外亮化工程！,mall_sql_jh_articles+knowledge_base_markdown,jh_articles.articleId=220,商城系统/帮助文章/喜讯  钜豪照明中标扬州经开区“一河两岸”户外亮化工程！_220.md,fc1a8c35407973eaa4f412099529b8cec46b19a388199fbd87dfe9bebdeb526b,公司新闻,project,project_record,1,1,2025-12-10 16:29:57,dedicated_route,/cases/yangzhou-riverfront-lighting,[],project_stage,来源记录存在；后续实施状态待证,"[""施工、供货、交付和完工状态"", ""最终产品清单和成果数据""]",https://bocang.oss-cn-shenzhen.aliyuncs.com/upload/articles/2025-12/69392f29784cf_thumb.png,4,source_markdown_available,needs_review,routed_private_needs_signoff,"[""public_claim_signoff"", ""media_selection_required""]","[""内容负责人"", ""业务负责人""]",HELP-220,2025-12-10
help-221,221,喜讯 | 钜豪照明中标宜昌首航国际大酒店！,mall_sql_jh_articles+knowledge_base_markdown,jh_articles.articleId=221,商城系统/帮助文章/喜讯  钜豪照明中标宜昌首航国际大酒店！_221.md,e60e892ea92361ddccd671ee1a245bc4ab2ea59c8b56345ed870b127321e62bc,公司新闻,project,project_record,1,1,2025-12-11 09:58:13,dedicated_route,/news/yichang-shouhang-hotel-bid,[],project_stage,来源记录存在；后续实施状态待证,"[""施工、供货、交付和完工状态"", ""最终产品清单和成果数据""]",https://bocang.oss-cn-shenzhen.aliyuncs.com/upload/articles/2025-12/693a2527c5f54_thumb.png,22,source_markdown_available,needs_review,routed_private_needs_signoff,"[""public_claim_signoff"", ""media_selection_required""]","[""内容负责人"", ""业务负责人""]",HELP-221,2025-12-11
help-222,222,钜豪照明荣获“十大家居照明品牌”,mall_sql_jh_articles+knowledge_base_markdown,jh_articles.articleId=222,商城系统/帮助文章/钜豪照明荣获“十大家居照明品牌”_222.md,20b6ad3b7c3637cc32cb64159e8e0b8e66fd80723a8c3053eb6d5e6bdbd705b4,公司新闻,honor,honor_source_record,1,1,2026-01-20 11:05:11,dedicated_route,/news/home-lighting-brand-source-record-2025,[],honor_claim,来源记录存在；公开表述待签核,"[""证书原件、授予方、日期与获奖主体""]",https://bocang.oss-cn-shenzhen.aliyuncs.com/upload/articles/2026-01/696ef09fa3fe8_thumb.jpg,3,source_markdown_available,needs_review,routed_private_needs_signoff,"[""public_claim_signoff"", ""media_selection_required""]","[""内容负责人"", ""业务负责人""]",HELP-222,2026-01-20
help-223,223,双奖加冕，感恩同行！,mall_sql_jh_articles+knowledge_base_markdown,jh_articles.articleId=223,商城系统/帮助文章/双奖加冕，感恩同行！_223.md,8749ed104c0193be7f0a20482d776e480142825f4ac6beb0b091c61842e16976,公司新闻,honor,honor_source_record,1,1,2026-01-20 11:10:26,dedicated_route,/news/lighting-industry-top10-source-record-2026,"[""/about/history""]",honor_claim,来源记录存在；公开表述待签核,"[""证书原件、授予方、日期与获奖主体""]",https://bocang.oss-cn-shenzhen.aliyuncs.com/upload/articles/2026-01/696ef14c785bd_thumb.jpg,4,source_markdown_available,needs_review,routed_private_needs_signoff,"[""public_claim_signoff"", ""media_selection_required""]","[""内容负责人"", ""业务负责人""]",HELP-223,2026-01-20
help-224,224,“聚势拓界，达愿赴远”2026钜豪照明优秀经销商盛典暨春季新品品鉴会圆满召开！,mall_sql_jh_articles+knowledge_base_markdown,jh_articles.articleId=224,商城系统/帮助文章/“聚势拓界，达愿赴远”2026钜豪照明优秀经销商盛典暨春季新品品鉴会圆满召开！_224.md,ecdce229682799a7322a23138a7eba92fffffe06a690c8f74f6a2b302a532ace,公司新闻,company_dynamic,company_news_record,1,1,2026-03-17 10:06:09,dedicated_route,/news/dealer-conference-spring-2026,"[""/about/history""]",company_event,来源记录存在；公开表述待签核,"[""宣传性判断、未经复核的规模和行业地位""]",https://bocang.oss-cn-shenzhen.aliyuncs.com/upload/articles/2026-03/69b8b706cb14e_thumb.jpg,31,source_markdown_available,needs_review,routed_private_needs_signoff,"[""public_claim_signoff"", ""media_selection_required""]","[""内容负责人"", ""业务负责人""]",HELP-224,2026-03-17
help-225,225,载誉扬州｜钜豪照明亮相2026中国智慧道路照明大会，荣获优秀合作伙伴称号！,mall_sql_jh_articles+knowledge_base_markdown,jh_articles.articleId=225,商城系统/帮助文章/载誉扬州｜钜豪照明亮相2026中国智慧道路照明大会，荣获优秀合作伙伴称号！_225.md,efe4d252e76319af1bc6287534cdcab7f78e7c23e96a6c8e110d788ea5169fff,公司新闻,honor,honor_source_record,1,1,2026-03-28 10:52:42,embedded_reference,/about/history,"[""/about/history""]",honor_claim,来源记录存在；公开表述待签核,"[""证书原件、授予方、日期与获奖主体""]",https://bocang.oss-cn-shenzhen.aliyuncs.com/upload/articles/2026-03/69c74246c4113_thumb.jpg,8,source_markdown_available,needs_review,routed_private_needs_signoff,"[""public_claim_signoff"", ""media_selection_required""]","[""内容负责人"", ""业务负责人""]",HELP-225,2026-03-28
help-226,226,钜豪照明中标深圳华发冰雪世界 JW 万豪酒店！,mall_sql_jh_articles+knowledge_base_markdown,jh_articles.articleId=226,商城系统/帮助文章/钜豪照明中标深圳华发冰雪世界 JW 万豪酒店！_226.md,a7d3164949f5ba26c325a2d36824c0098f71f5a767f343825d46a253398bd8a6,公司新闻,project,project_record,1,1,2026-03-28 11:02:07,dedicated_route,/cases/jw-marriott-shenzhen-huafa-snow-world,[],project_stage,来源记录存在；后续实施状态待证,"[""施工、供货、交付和完工状态"", ""最终产品清单和成果数据""]",,13,source_markdown_available,needs_review,routed_private_needs_signoff,"[""public_claim_signoff"", ""media_selection_required""]","[""内容负责人"", ""业务负责人""]",HELP-226,2026-03-28
help-227,227,天罡2号系列IES文件,mall_sql_jh_articles+knowledge_base_markdown,jh_articles.articleId=227,商城系统/帮助文章/天罡2号系列IES文件_227.md,b18f85dacfb794710084cf2cabaa2a0d357d81e8c5e6a1c1f5b4a9d08a292559,IES文件下载,ies_asset,missing_photometric_payload,1,1,2026-04-03 11:46:56,inventory_only,,[],photometric_asset,来源记录存在；公开表述待签核,"[""配光文件、对应型号和测试条件""]",https://bocang.oss-cn-shenzhen.aliyuncs.com/upload/articles/2026-04/69cf382719d95_thumb.jpg,0,missing_supporting_file,needs_review,blocked_missing_payload,"[""supporting_file_missing"", ""content_facts_not_reviewed""]","[""内容负责人"", ""技术负责人""]",HELP-227,2026-04-03
help-228,228,钜豪照明中标苏州金融街君悦酒店！,mall_sql_jh_articles+knowledge_base_markdown,jh_articles.articleId=228,商城系统/帮助文章/钜豪照明中标苏州金融街君悦酒店！_228.md,95aacb81a9222a41d8bb564e3cc99f25d04556ad0053e094858acfb186b19999,公司新闻,project,project_record,1,1,2026-04-08 10:21:44,dedicated_route,/cases/grand-hyatt-suzhou-financial-street,[],project_stage,来源记录存在；后续实施状态待证,"[""施工、供货、交付和完工状态"", ""最终产品清单和成果数据""]",https://bocang.oss-cn-shenzhen.aliyuncs.com/upload/articles/2026-04/69d5bb2b4c88b_thumb.jpg,23,source_markdown_available,needs_review,routed_private_needs_signoff,"[""public_claim_signoff"", ""media_selection_required""]","[""内容负责人"", ""业务负责人""]",HELP-228,2026-04-08
help-229,229,钜豪照明中标南通海门希尔顿逸林酒店！,mall_sql_jh_articles+knowledge_base_markdown,jh_articles.articleId=229,商城系统/帮助文章/钜豪照明中标南通海门希尔顿逸林酒店！_229.md,b527f336b109401f7a16506458544f59e6ed1dc22893ec20e724a9845215063a,公司新闻,project,project_record,1,1,2026-04-10 14:44:50,dedicated_route,/cases/doubletree-nantong-haimen,[],project_stage,来源记录存在；后续实施状态待证,"[""施工、供货、交付和完工状态"", ""最终产品清单和成果数据""]",https://bocang.oss-cn-shenzhen.aliyuncs.com/upload/articles/2026-04/69d89bb1a7ef5_thumb.jpg,11,source_markdown_available,needs_review,routed_private_needs_signoff,"[""public_claim_signoff"", ""media_selection_required""]","[""内容负责人"", ""业务负责人""]",HELP-229,2026-04-10
help-230,230,天玺系列IES文件,mall_sql_jh_articles+knowledge_base_markdown,jh_articles.articleId=230,商城系统/帮助文章/天玺系列IES文件_230.md,46b0831d12f8b2aaed3ef1c28c0f99fb2b6dacc9ed69a4ea13a4e7fa08d9feaa,IES文件下载,ies_asset,missing_photometric_payload,1,1,2026-05-11 14:55:30,inventory_only,,[],photometric_asset,来源记录存在；公开表述待签核,"[""配光文件、对应型号和测试条件""]",https://bocang.oss-cn-shenzhen.aliyuncs.com/upload/articles/2026-05/6a017b0b854a6_thumb.jpg,0,missing_supporting_file,needs_review,blocked_missing_payload,"[""supporting_file_missing"", ""content_facts_not_reviewed""]","[""内容负责人"", ""技术负责人""]",HELP-230,2026-05-11
help-231,231,钜豪照明中标上饶广丰铂尔曼酒店！,mall_sql_jh_articles+knowledge_base_markdown,jh_articles.articleId=231,商城系统/帮助文章/钜豪照明中标上饶广丰铂尔曼酒店！_231.md,2974176b5f555ace3336dc2595421835ea8cfa46ca5e52e376374911732893e9,公司新闻,project,project_record,1,1,2026-05-26 15:11:42,dedicated_route,/cases/pullman-shangrao-guangfeng,[],project_stage,来源记录存在；后续实施状态待证,"[""施工、供货、交付和完工状态"", ""最终产品清单和成果数据""]",https://bocang.oss-cn-shenzhen.aliyuncs.com/upload/articles/2026-05/6a154778dcc70_thumb.jpg,19,source_markdown_available,needs_review,routed_private_needs_signoff,"[""public_claim_signoff"", ""media_selection_required""]","[""内容负责人"", ""业务负责人""]",HELP-231,2026-05-26
help-232,232,专卖为基，双线助飞 | 钜豪照明光亚展放大招！,mall_sql_jh_articles+knowledge_base_markdown,jh_articles.articleId=232,商城系统/帮助文章/专卖为基，双线助飞  钜豪照明光亚展放大招！_232.md,dc81fb7897ee0e87ebd65371a627b97bc6065e218b5d486a3dc22a9aec3619ea,公司新闻,company_dynamic,company_news_record,1,1,2026-06-11 16:30:57,dedicated_route,/news/guangzhou-international-lighting-exhibition-2026,"[""/about/history""]",company_event,来源记录存在；公开表述待签核,"[""宣传性判断、未经复核的规模和行业地位""]",https://bocang.oss-cn-shenzhen.aliyuncs.com/upload/articles/2026-06/6a2a71c2e9cb3_thumb.JPG,13,source_markdown_available,needs_review,routed_private_needs_signoff,"[""public_claim_signoff"", ""media_selection_required""]","[""内容负责人"", ""业务负责人""]",HELP-232,2026-06-11
